stem,source_split,split,defect,classes,boxes,difficult_boxes,has_difficult,all_difficult,width,height,sha256,dhash,image,xml
train_001,train,val,0,,0,0,0,0,689,678,eeeef32fa5dcd0a861d034b44e1153f547d3c7b1882f387417bda6bffd3fb0c1,608c1e3337068600,F:\Work\VSCode\Projects\DATASET\dataset_defects\images\train_missing_tooth\train_001.jpg,
train_002,train,train,0,,0,0,0,0,521,519,4fc250109377b8940363ad34faa975f87698cc7be242932be0e6927a1763c193,e98e1f2b2f37071f,F:\Work\VSCode\Projects\DATASET\dataset_defects\images\train_missing_tooth\train_002.jpg,
train_003,train,train,0,,0,0,0,0,606,633,96f3c90f6238c5a1eebaa2b015785353e111891105109a609f87719945565127,238c17232f3f1f1d,F:\Work\VSCode\Projects\DATASET\dataset_defects\images\train_missing_tooth\train_003.jpg,
train_004,train,train,0,,0,0,0,0,527,533,0294aa51578d0c6e17e6cf63e14ffebfe459fd9c0a643ee3574c22496bac63eb,13ad272f2d3d0f0f,F:\Work\VSCode\Projects\DATASET\dataset_defects\images\train_missing_tooth\train_004.jpg,
train_005,train,train,0,,0,0,0,0,564,568,866602a9eba1d271ccbd5166eb880cd4e83375041c9207b1ec8241f538ea85aa,2649991b03230707,F:\Work\VSCode\Projects\DATASET\dataset_defects\images\train_missing_tooth\train_005.jpg,
train_006,train,train,0,,0,0,0,0,489,555,c8cbce2939f87489520cc5e82079f0ea6390cf3ac2608181f797425a89bf617c,ef97131b0b238747,F:\Work\VSCode\Projects\DATASET\dataset_defects\images\train_missing_tooth\train_006.jpg,
train_007,train,train,0,,0,0,0,0,641,689,5d350e3f5f447d997ef74e8945afea484d22daf38b4af53130310aca4101f336,608e17170b138646,F:\Work\VSCode\Projects\DATASET\dataset_defects\images\train_missing_tooth\train_007.jpg,
train_008,train,train,0,,0,0,0,0,307,677,42281200f7235df5e6b742048ba75aee2ef688e10b84986ec229c2c151a6bbc2,0187070b1b371619,F:\Work\VSCode\Projects\DATASET\dataset_defects\images\train_missing_tooth\train_008.jpg,
train_009,train,val,0,,0,0,0,0,430,724,52f75b49da5b8a38a8077f9f8b76d094021dca6ddb4245654b3ff902b56a0d1d,c31d363737170f0c,F:\Work\VSCode\Projects\DATASET\dataset_defects\images\train_missing_tooth\train_009.jpg,
train_010,train,val,0,,0,0,0,0,329,665,a78b72f5ddbf28d5057edb5b39dfa4d23c716e4a4eb1fd636b931cb606fa9933,8d8b030b0b0787e2,F:\Work\VSCode\Projects\DATASET\dataset_defects\images\train_missing_tooth\train_010.jpg,
train_011,train,train,0,,0,0,0,0,657,654,2bdedc6fa62c6a4398ff6b107185c564eac1adc4f68e95058d039ee4ae7abfef,300e0f2f0b0f1f36,F:\Work\VSCode\Projects\DATASET\dataset_defects\images\train_missing_tooth\train_011.jpg,
train_012,train,val,0,,0,0,0,0,659,660,2a12d10717d68da7a17f2fbc1b28d23331b7ae2a07edc2305db05bb9e5608eb6,6916172f4f0f1e3d,F:\Work\VSCode\Projects\DATASET\dataset_defects\images\train_missing_tooth\train_012.jpg,
train_013,train,train,0,,0,0,0,0,569,716,6cbb727c9b6e664ff580cbf76abf025477e34aa576a2c5fe5a75ddde8cbe6be9,e08e0b1999b387c3,F:\Work\VSCode\Projects\DATASET\dataset_defects\images\train_missing_tooth\train_013.jpg,
train_014,train,train,0,,0,0,0,0,584,717,7c1889987ec9e771294c25c7cb903802fc7a0fa4162feb9dfb069ab3498f4d99,f98e37130f070e1d,F:\Work\VSCode\Projects\DATASET\dataset_defects\images\train_missing_tooth\train_014.jpg,
train_015,train,train,0,,0,0,0,0,428,667,0239127f9840f8c306b1ceec790a1e2729ec185642620fe40580ca11b2da1ad5,c086030b1b170619,F:\Work\VSCode\Projects\DATASET\dataset_defects\images\train_missing_tooth\train_015.jpg,
train_016,train,train,0,,0,0,0,0,432,662,c577291b6e04a8cf727021acd0dd3348ceb58be6b601e81edd22ccd3d1991afb,e08617330b070e18,F:\Work\VSCode\Projects\DATASET\dataset_defects\images\train_missing_tooth\train_016.jpg,
train_017,train,val,0,,0,0,0,0,270,720,bc0ccbb215541fef70cf8966a688051b483cf42d5c8a140da6fa4f3f4a6944c9,0d0d042c2c26342c,F:\Work\VSCode\Projects\DATASET\dataset_defects\images\train_missing_tooth\train_017.jpg,
train_018,train,train,0,,0,0,0,0,240,656,ed8eb353731a922193a5d679e0594854fcfe55b04862c60820523425a36045d7,0606022f272b1733,F:\Work\VSCode\Projects\DATASET\dataset_defects\images\train_missing_tooth\train_018.jpg,
train_019,train,train,0,,0,0,0,0,226,643,2f5a27c8b8386b42eb8eae572a358fa3180f9ee3efefb2c87ba83161e9c9aad8,06860327272b1636,F:\Work\VSCode\Projects\DATASET\dataset_defects\images\train_missing_tooth\train_019.jpg,
train_020,train,val,0,,0,0,0,0,510,621,cee04b1667ba0fcab5f1d2f85072036fac32948d8e5ccc632ab43604c0ee14a5,f98e07370f0f0e0e,F:\Work\VSCode\Projects\DATASET\dataset_defects\images\train_missing_tooth\train_020.jpg,
train_021,train,val,0,,0,0,0,0,697,686,b2660f673f6759557a556c32a80f7bfabc4d5c410e57d422866f9f991cc6bbf8,588e070b3b0f0f03,F:\Work\VSCode\Projects\DATASET\dataset_defects\images\train_missing_tooth\train_021.jpg,
train_022,train,train,0,,0,0,0,0,863,835,cfafcf115c6ec6fa155864dbc51eeae8353f5be16e20569ddcdf0c0205919e6a,108e270f0b1b8b03,F:\Work\VSCode\Projects\DATASET\dataset_defects\images\train_missing_tooth\train_022.jpg,
train_023,train,train,1,side,5,0,0,0,750,750,05e9af24a64a00051648958f085afc1e47600a25b6669ce4d56577fb996e78b5,f88c0f0b0f070e0f,F:\Work\VSCode\Projects\DATASET\dataset_defects\images\train_missing_tooth\train_023.jpg,F:\Work\VSCode\Projects\DATASET\dataset_defects\annotations\train_missing_tooth\train_023.xml
train_024,train,train,1,side,1,0,0,0,748,760,4327a5c8d687e1370a80bb1d3d4bf7472952ac5e82b2179e811a6441d32dce29,e38c0f0b0f060e0c,F:\Work\VSCode\Projects\DATASET\dataset_defects\images\train_missing_tooth\train_024.jpg,F:\Work\VSCode\Projects\DATASET\dataset_defects\annotations\train_missing_tooth\train_024.xml
train_025,train,train,1,side,7,0,0,0,724,742,b0866191dfae4cd654c65794c023b56234845d7e2664b63875b1d940591a85d0,f18d0f0b0f060e0e,F:\Work\VSCode\Projects\DATASET\dataset_defects\images\train_missing_tooth\train_025.jpg,F:\Work\VSCode\Projects\DATASET\dataset_defects\annotations\train_missing_tooth\train_025.xml
train_026,train,train,1,side,7,0,0,0,747,763,e9ba3c179e885e87ae1f4f3851f38fdea9196e63fad2cd42f158ecfa29132542,f18d0f0b0f060e2c,F:\Work\VSCode\Projects\DATASET\dataset_defects\images\train_missing_tooth\train_026.jpg,F:\Work\VSCode\Projects\DATASET\dataset_defects\annotations\train_missing_tooth\train_026.xml
train_027,train,train,1,side,4,0,0,0,729,748,60534ff6e9cdc2c979058cdaad025660968231b0d42abf2c51ad30a644ad7a2b,f18d0f0b0f060e2c,F:\Work\VSCode\Projects\DATASET\dataset_defects\images\train_missing_tooth\train_027.jpg,F:\Work\VSCode\Projects\DATASET\dataset_defects\annotations\train_missing_tooth\train_027.xml
train_028,train,train,1,side,7,0,0,0,611,852,de4408a36e220156107a4909bd3b5fd23107c9c44bf7e3dde21c30ac48f7e427,12042f27272f3832,F:\Work\VSCode\Projects\DATASET\dataset_defects\images\train_missing_tooth\train_028.jpg,F:\Work\VSCode\Projects\DATASET\dataset_defects\annotations\train_missing_tooth\train_028.xml
train_029,train,val,1,side,9,0,0,0,631,851,e92ad4153b0702b2dab32f6d613449fecd4596ba9546446356de7f10e3586433,12042f27272b1822,F:\Work\VSCode\Projects\DATASET\dataset_defects\images\train_missing_tooth\train_029.jpg,F:\Work\VSCode\Projects\DATASET\dataset_defects\annotations\train_missing_tooth\train_029.xml
train_030,train,train,1,side,6,0,0,0,578,803,9a4d1963912c355aa662508ef6660fc16ce8e046f139f0cfc7743daf6b49aa14,06040f27272b2c24,F:\Work\VSCode\Projects\DATASET\dataset_defects\images\train_missing_tooth\train_030.jpg,F:\Work\VSCode\Projects\DATASET\dataset_defects\annotations\train_missing_tooth\train_030.xml
train_031,train,val,0,,0,0,0,0,468,460,a20c230bd4b63e3537a29b6a25166b0ea857adcd6f8e8e2e02e185bc344e184e,4886a72f1b1b0f0f,F:\Work\VSCode\Projects\DATASET\dataset_defects\images\train_missing_tooth\train_031.jpg,
train_032,train,train,0,,0,0,0,0,436,438,86017fd590c9783de29d68d23bdbfdd18f98ef0199c1793c78fb12d10e6b907d,588e272313130b07,F:\Work\VSCode\Projects\DATASET\dataset_defects\images\train_missing_tooth\train_032.jpg,
train_033,train,val,0,,0,0,0,0,437,505,41d0623bd431712d08d1456aba831b99edd8a2c30bc2cad53c5f5332c0ff0751,ba8c06270b0f0f0f,F:\Work\VSCode\Projects\DATASET\dataset_defects\images\train_missing_tooth\train_033.jpg,
train_034,train,val,0,,0,0,0,0,424,504,bcea4f56d4b8b8aadcd2782bd059e8038351b477148318563f35a28e339c146b,f88c06270b0f0e0f,F:\Work\VSCode\Projects\DATASET\dataset_defects\images\train_missing_tooth\train_034.jpg,
train_035,train,val,0,,0,0,0,0,431,516,382868a3590f8489046851a361d641ed1cb7bcc96523aadf8b1dd814b408404d,f88c06272b0f0e0f,F:\Work\VSCode\Projects\DATASET\dataset_defects\images\train_missing_tooth\train_035.jpg,
train_036,train,val,0,,0,0,0,0,406,486,6f0c52ef98ce7e6a69119973b5116174f3244d2c3a4b5e622a472ad77dc59251,788c06270b0f0e0f,F:\Work\VSCode\Projects\DATASET\dataset_defects\images\train_missing_tooth\train_036.jpg,
train_037,train,val,1,oblique,3,0,0,0,422,488,6920e941fa8ab9b6f8748c430e58cbfb22e0ecaa7af8686657d83a96798357d9,ea8c06272b0f070f,F:\Work\VSCode\Projects\DATASET\dataset_defects\images\train_missing_tooth\train_037.jpg,F:\Work\VSCode\Projects\DATASET\dataset_defects\annotations\train_missing_tooth\train_037.xml
train_038,train,train,1,bottom+oblique,7,0,0,0,294,603,9e3f3f4e028c4dfe807823e647c077ad8d004e837e8937978784637364501a76,160e2e2727131f0c,F:\Work\VSCode\Projects\DATASET\dataset_defects\images\train_missing_tooth\train_038.jpg,F:\Work\VSCode\Projects\DATASET\dataset_defects\annotations\train_missing_tooth\train_038.xml
train_039,train,train,1,bottom+oblique,5,0,0,0,284,634,99f57b56e5a4fd54c2738a78d05aacd92cec543daa69843e42afdfff5d770824,0907072b37371719,F:\Work\VSCode\Projects\DATASET\dataset_defects\images\train_missing_tooth\train_039.jpg,F:\Work\VSCode\Projects\DATASET\dataset_defects\annotations\train_missing_tooth\train_039.xml
train_040,train,train,1,bottom+oblique,7,0,0,0,265,619,13fd85207060c6e6101a755617648c9a62dad02f3f14df65b11d1495d7442c05,0b97172b27271719,F:\Work\VSCode\Projects\DATASET\dataset_defects\images\train_missing_tooth\train_040.jpg,F:\Work\VSCode\Projects\DATASET\dataset_defects\annotations\train_missing_tooth\train_040.xml
train_041,train,val,0,,0,0,0,0,552,542,a6028a32e3358e88cfa68329fb8d2e9f3a1c683d938b437d4379869a4b2c80ab,6996970b33330707,F:\Work\VSCode\Projects\DATASET\dataset_defects\images\train_missing_tooth\train_041.jpg,
train_042,train,train,0,,0,0,0,0,610,603,2004f6a1c03b514a3c42816265352dfdf4276f27750b2f91c91eb705a367e0bc,388697270b130f87,F:\Work\VSCode\Projects\DATASET\dataset_defects\images\train_missing_tooth\train_042.jpg,
train_043,train,train,1,bottom,3,0,0,0,380,633,7e19184d84de15b46a69a2746e2a26207cfa4bd8acfdc1ea6f95d203276e7632,d88606130f070e1c,F:\Work\VSCode\Projects\DATASET\dataset_defects\images\train_missing_tooth\train_043.jpg,F:\Work\VSCode\Projects\DATASET\dataset_defects\annotations\train_missing_tooth\train_043.xml
train_044,train,train,0,,0,0,0,0,360,600,3d2920ed8b39177fc2485c70d2bb8ff81f0847821a2d8386592eb76bb4134eaf,288607130b07061c,F:\Work\VSCode\Projects\DATASET\dataset_defects\images\train_missing_tooth\train_044.jpg,
train_045,train,val,1,bottom,3,0,0,0,381,631,ad2e0bb90b0fb741f8584375c89b1a414a6917d3131e3643e921b02bc3135459,988e061327270e1c,F:\Work\VSCode\Projects\DATASET\dataset_defects\images\train_missing_tooth\train_045.jpg,F:\Work\VSCode\Projects\DATASET\dataset_defects\annotations\train_missing_tooth\train_045.xml
train_046,train,train,1,bottom,5,0,0,0,359,596,45cd318befade70c7a253e5233e6540a197c6e7c03a24a339ee6ad743d91c8cd,488607030f070618,F:\Work\VSCode\Projects\DATASET\dataset_defects\images\train_missing_tooth\train_046.jpg,F:\Work\VSCode\Projects\DATASET\dataset_defects\annotations\train_missing_tooth\train_046.xml
train_047,train,train,1,bottom,5,0,0,0,348,571,aeb5aa9bac16e11631b59945ebee5e5197b106a7763f9934f9c3209af3d32977,c886071b07070e18,F:\Work\VSCode\Projects\DATASET\dataset_defects\images\train_missing_tooth\train_047.jpg,F:\Work\VSCode\Projects\DATASET\dataset_defects\annotations\train_missing_tooth\train_047.xml
train_048,train,train,1,bottom,4,0,0,0,243,590,ae5a49b22b55f1627f01a7d5337bd9892b977c9799171e3c876693de70109b19,0187072f07271739,F:\Work\VSCode\Projects\DATASET\dataset_defects\images\train_missing_tooth\train_048.jpg,F:\Work\VSCode\Projects\DATASET\dataset_defects\annotations\train_missing_tooth\train_048.xml
train_049,train,train,1,bottom,3,0,0,0,241,593,638199180e5fd524c414f960256296c6057dc018b4ba0e2394d3755f71b7cd89,0183032707071733,F:\Work\VSCode\Projects\DATASET\dataset_defects\images\train_missing_tooth\train_049.jpg,F:\Work\VSCode\Projects\DATASET\dataset_defects\annotations\train_missing_tooth\train_049.xml
train_050,train,train,1,bottom,3,0,0,0,232,591,b9c9988e518ae27e0fcd36b4d908149d3d867e00cbfe4ca9417f2620173ca1ea,0383032f27071633,F:\Work\VSCode\Projects\DATASET\dataset_defects\images\train_missing_tooth\train_050.jpg,F:\Work\VSCode\Projects\DATASET\dataset_defects\annotations\train_missing_tooth\train_050.xml
train_051,train,train,0,,0,0,0,0,386,388,5465f3f03a204b955d2e50b0121d3b037b09f1cad4475561291e9f8e4ba21cbd,72ce172b1f330707,F:\Work\VSCode\Projects\DATASET\dataset_defects\images\train_missing_tooth\train_051.jpg,
train_052,train,val,0,,0,0,0,0,487,489,7273ea4e0c60c98d2a5567664bcd431daf2310e53bb0bfa0cbfc423b78d6927e,b0ce27270b1b0f07,F:\Work\VSCode\Projects\DATASET\dataset_defects\images\train_missing_tooth\train_052.jpg,
train_053,train,val,1,bottom,3,2,1,0,419,534,73af03822f33db1ad8b217e5d299736eddd658fb23803f3e2ba50339eadb893c,628d0e1707070686,F:\Work\VSCode\Projects\DATASET\dataset_defects\images\train_missing_tooth\train_053.jpg,F:\Work\VSCode\Projects\DATASET\dataset_defects\annotations\train_missing_tooth\train_053.xml
train_054,train,val,1,bottom,3,1,1,0,433,533,32899829c92c310d566bc5c91292d68e27cf20faab1dc038aab1fd07e746f523,628d0e1707078786,F:\Work\VSCode\Projects\DATASET\dataset_defects\images\train_missing_tooth\train_054.jpg,F:\Work\VSCode\Projects\DATASET\dataset_defects\annotations\train_missing_tooth\train_054.xml
train_055,train,train,1,bottom+oblique,7,1,1,0,405,554,f4070b1b45c0a2a0244a5e9280d5728474c6b1d4b09594e2db4642ecab7b6a70,c28c06170f07060e,F:\Work\VSCode\Projects\DATASET\dataset_defects\images\train_missing_tooth\train_055.jpg,F:\Work\VSCode\Projects\DATASET\dataset_defects\annotations\train_missing_tooth\train_055.xml
train_056,train,train,1,oblique,4,0,0,0,397,528,2df84e4eddb29c399bb473016f8c4e87607c553d0b989281810dbf3dff0be477,e08d06170f07060e,F:\Work\VSCode\Projects\DATASET\dataset_defects\images\train_missing_tooth\train_056.jpg,F:\Work\VSCode\Projects\DATASET\dataset_defects\annotations\train_missing_tooth\train_056.xml
train_057,train,train,1,oblique,3,0,0,0,393,530,11e61da3db93ccbd15186af850ccf0f9ac7f27fd1fece1e96fc50a27f7bc35f1,618c06170707060c,F:\Work\VSCode\Projects\DATASET\dataset_defects\images\train_missing_tooth\train_057.jpg,F:\Work\VSCode\Projects\DATASET\dataset_defects\annotations\train_missing_tooth\train_057.xml
train_058,train,train,1,oblique,4,0,0,0,240,591,7a33caf7caa58133f8062f5875a6c522f4634f406a18f44f275d8f375484a780,019b132b23271733,F:\Work\VSCode\Projects\DATASET\dataset_defects\images\train_missing_tooth\train_058.jpg,F:\Work\VSCode\Projects\DATASET\dataset_defects\annotations\train_missing_tooth\train_058.xml
train_059,train,train,1,bottom,4,0,0,0,251,614,f538d0a9001a1ec4b344ee86b541d2ecbd524225415a2e1187710f87d2c61a31,0387172b23271733,F:\Work\VSCode\Projects\DATASET\dataset_defects\images\train_missing_tooth\train_059.jpg,F:\Work\VSCode\Projects\DATASET\dataset_defects\annotations\train_missing_tooth\train_059.xml
train_060,train,train,1,bottom,3,0,0,0,260,615,ed29193f1627cd226fe3e54391241838ebd9e793c472db5d72d73364d4453a66,0187032b23271739,F:\Work\VSCode\Projects\DATASET\dataset_defects\images\train_missing_tooth\train_060.jpg,F:\Work\VSCode\Projects\DATASET\dataset_defects\annotations\train_missing_tooth\train_060.xml
train_061,train,train,0,,0,0,0,0,745,723,96144a21b2053c64c0eba78ad38d1957568d00e10b9855ad29eefde4269a8be9,688e070b33178f83,F:\Work\VSCode\Projects\DATASET\dataset_defects\images\train_missing_tooth\train_061.jpg,
train_062,train,train,0,,0,0,0,0,875,825,7f550a39a6a5d7e3ef2400caf8ec7a2b9a9a89e9a7a709e943d647e2542ac85f,124e270f0b1b8f03,F:\Work\VSCode\Projects\DATASET\dataset_defects\images\train_missing_tooth\train_062.jpg,
train_063,train,train,1,side,6,0,0,0,758,802,657106a64309c09e92a46cb39c50002c2cb7a0e56917f15c5044d06b6e8dc66b,d28c0f0b0f070e19,F:\Work\VSCode\Projects\DATASET\dataset_defects\images\train_missing_tooth\train_063.jpg,F:\Work\VSCode\Projects\DATASET\dataset_defects\annotations\train_missing_tooth\train_063.xml
train_064,train,train,1,side,6,0,0,0,785,838,15805447e044a2b3edab9951adf75009316d0afe26f5d5d3984f40646db60928,c28c0f0b0f070f09,F:\Work\VSCode\Projects\DATASET\dataset_defects\images\train_missing_tooth\train_064.jpg,F:\Work\VSCode\Projects\DATASET\dataset_defects\annotations\train_missing_tooth\train_064.xml
train_065,train,val,1,side,5,0,0,0,794,764,b54a3ce5b347965afb73a8d6b52343715e1363b674e2c135aec2a5f51db1f590,8c0e0b0b0f060f19,F:\Work\VSCode\Projects\DATASET\dataset_defects\images\train_missing_tooth\train_065.jpg,F:\Work\VSCode\Projects\DATASET\dataset_defects\annotations\train_missing_tooth\train_065.xml
train_066,train,val,1,side,4,0,0,0,798,770,b9e61a45d51232d0ecf1ac2925f9f417e98ced24feeb9e1131e2eb78a0d6d235,8c0e0b0b0f060f19,F:\Work\VSCode\Projects\DATASET\dataset_defects\images\train_missing_tooth\train_066.jpg,F:\Work\VSCode\Projects\DATASET\dataset_defects\annotations\train_missing_tooth\train_066.xml
train_067,train,train,1,side,3,0,0,0,804,854,761d59187dabb06dac21b732d3e28e4b61e8f9a9c292e71d056027a711311aae,d28c0f0b0b0f0f19,F:\Work\VSCode\Projects\DATASET\dataset_defects\images\train_missing_tooth\train_067.jpg,F:\Work\VSCode\Projects\DATASET\dataset_defects\annotations\train_missing_tooth\train_067.xml
train_068,train,train,1,side,3,0,0,0,743,952,56c52dcc36507d76f9f6f186ed69db4955d9bd5bc6718f1a98b813be00defec5,24100a27270e1919,F:\Work\VSCode\Projects\DATASET\dataset_defects\images\train_missing_tooth\train_068.jpg,F:\Work\VSCode\Projects\DATASET\dataset_defects\annotations\train_missing_tooth\train_068.xml
train_069,train,train,1,side,3,0,0,0,725,964,7ba717b219fb68abafee33b0066cbaae4504c9597840eb2331e4d7139eb112c0,24002a07272e1931,F:\Work\VSCode\Projects\DATASET\dataset_defects\images\train_missing_tooth\train_069.jpg,F:\Work\VSCode\Projects\DATASET\dataset_defects\annotations\train_missing_tooth\train_069.xml
train_070,train,train,1,side,4,0,0,0,705,935,04b783b547871481b1e83e23e4505d68e32a79d876ce2067bc3d66c4b9983323,24002f27272f1933,F:\Work\VSCode\Projects\DATASET\dataset_defects\images\train_missing_tooth\train_070.jpg,F:\Work\VSCode\Projects\DATASET\dataset_defects\annotations\train_missing_tooth\train_070.xml
train_071,train,train,0,,0,0,0,0,639,631,04a8094cba6f8a1c18270184fc5b09de45a8aeb2b99d8a220dd5fce485fdb03c,6286970b2f131307,F:\Work\VSCode\Projects\DATASET\dataset_defects\images\train_missing_tooth\train_071.jpg,
train_072,train,train,0,,0,0,0,0,668,657,99862b4fc7688b71c04bea0aa42fff445a0d38fa81d2499a4a0f6f89edf2acbb,70ae27231b331b07,F:\Work\VSCode\Projects\DATASET\dataset_defects\images\train_missing_tooth\train_072.jpg,
train_073,train,train,0,,0,0,0,0,351,532,9599dd113cbdafb3ed36ead607f068580cf0cd250198d3749ef482dac7b9bbb0,508c06170707060c,F:\Work\VSCode\Projects\DATASET\dataset_defects\images\train_missing_tooth\train_073.jpg,
train_074,train,train,0,,0,0,0,0,337,574,75b810f39e5b49d0ef4f88eda4d1e5527794c3dfec9f8114d1873dc2a7e78a47,508606232707061c,F:\Work\VSCode\Projects\DATASET\dataset_defects\images\train_missing_tooth\train_074.jpg,
train_075,train,train,0,,0,0,0,0,344,586,71b1adae0f4cbee5431c1a5623e92cd39fdb778200a57c2e8695c8c4c0394c9b,508606332707060c,F:\Work\VSCode\Projects\DATASET\dataset_defects\images\train_missing_tooth\train_075.jpg,
train_076,train,train,0,,0,0,0,0,345,595,1ae7939d39e7a07ad9545a7451a51a999ffdd952e0aa39d829e7904d0aec92bc,000e0e333317060c,F:\Work\VSCode\Projects\DATASET\dataset_defects\images\train_missing_tooth\train_076.jpg,
train_077,train,val,0,,0,0,0,0,356,602,f3177cb1f57fca7d1e85827e188d86ba6f8ad90f007144787d45643e46552a6a,408e06130307060c,F:\Work\VSCode\Projects\DATASET\dataset_defects\images\train_missing_tooth\train_077.jpg,
train_078,train,train,0,,0,0,0,0,271,627,23e8eab516416fed34e0d4a1e4be06fa1fd703c27302f4179f2053a4cc6957c2,0307071b27231a18,F:\Work\VSCode\Projects\DATASET\dataset_defects\images\train_missing_tooth\train_078.jpg,
train_079,train,val,0,,0,0,0,0,250,608,9ba8257c34b1e6b667001689fda7287cc055668fac41dd99f90b12b6189c00a4,0387072b27271719,F:\Work\VSCode\Projects\DATASET\dataset_defects\images\train_missing_tooth\train_079.jpg,
train_080,train,val,0,,0,0,0,0,233,585,9ce69e658e4fd70eb90e7222bb087efa032d2c500b6398c8f817ba8ea29290a6,0387072b27271739,F:\Work\VSCode\Projects\DATASET\dataset_defects\images\train_missing_tooth\train_080.jpg,
train_081,train,train,0,,0,0,0,0,768,747,cc2ce84d527d510a63e7288793e80610d05a90627e4031a6ad37641615563e87,6886170b33170f07,F:\Work\VSCode\Projects\DATASET\dataset_defects\images\train_missing_tooth\train_081.jpg,
train_082,train,train,1,side,2,0,0,0,752,800,673c01e7db783b8d7216dcfe1fb5076eb6b465dd09e95697e1c0af7fa5a3e262,d28c0f0b0f0f0f19,F:\Work\VSCode\Projects\DATASET\dataset_defects\images\train_missing_tooth\train_082.jpg,F:\Work\VSCode\Projects\DATASET\dataset_defects\annotations\train_missing_tooth\train_082.xml
train_083,train,train,1,side,5,0,0,0,746,810,d26f919a8ee641e6b7bdf5fa71b8a6877f0947f68122e5255d4db621ed196457,168c0f0b0f0f0e1b,F:\Work\VSCode\Projects\DATASET\dataset_defects\images\train_missing_tooth\train_083.jpg,F:\Work\VSCode\Projects\DATASET\dataset_defects\annotations\train_missing_tooth\train_083.xml
train_084,train,train,1,side,6,0,0,0,751,804,f90e1e5605a59f37da8881e01c64142af61b7315ad6bc3ad40ee5b9b63fd6032,528c0f0b0f070e19,F:\Work\VSCode\Projects\DATASET\dataset_defects\images\train_missing_tooth\train_084.jpg,F:\Work\VSCode\Projects\DATASET\dataset_defects\annotations\train_missing_tooth\train_084.xml
train_085,train,train,1,side,5,0,0,0,706,774,3457473d025966081c5c549b35d14d451ddaddcbbed23517527b78239a79c4a6,168c0f0b0f070e1a,F:\Work\VSCode\Projects\DATASET\dataset_defects\images\train_missing_tooth\train_085.jpg,F:\Work\VSCode\Projects\DATASET\dataset_defects\annotations\train_missing_tooth\train_085.xml
train_086,train,train,1,side,5,0,0,0,737,801,4d2bd14e8441fbd16f06e3780693a1f2edcd5a55f0b63c9fbaf918a6492894c0,468c0f0b0f060e0d,F:\Work\VSCode\Projects\DATASET\dataset_defects\images\train_missing_tooth\train_086.jpg,F:\Work\VSCode\Projects\DATASET\dataset_defects\annotations\train_missing_tooth\train_086.xml
train_087,train,train,1,side,6,0,0,0,511,728,fdde5bab01475f2a86cbf04730fe0c8c0af0107e17ebf10c3c26ee9559bdea6b,24240b27272f3432,F:\Work\VSCode\Projects\DATASET\dataset_defects\images\train_missing_tooth\train_087.jpg,F:\Work\VSCode\Projects\DATASET\dataset_defects\annotations\train_missing_tooth\train_087.xml
train_088,train,train,1,side,5,0,0,0,518,743,1f6ac64802fa62fb49ed9c50a54dcb2bef5b6f5695ac51ff7a69d6bde095355d,24040b27273b2c24,F:\Work\VSCode\Projects\DATASET\dataset_defects\images\train_missing_tooth\train_088.jpg,F:\Work\VSCode\Projects\DATASET\dataset_defects\annotations\train_missing_tooth\train_088.xml
train_089,train,train,1,side,4,0,0,0,530,751,5ca8b358dcc144967988426b2dbe9480361c995a8218f96fac5f6cb794c1cc42,24042f27273b2c24,F:\Work\VSCode\Projects\DATASET\dataset_defects\images\train_missing_tooth\train_089.jpg,F:\Work\VSCode\Projects\DATASET\dataset_defects\annotations\train_missing_tooth\train_089.xml
train_090,train,train,0,,0,0,0,0,867,827,a37fd54c40f2de70882e8e87dfbeb051a116f8100f746808a98583f808e74256,118e270f0f1b8713,F:\Work\VSCode\Projects\DATASET\dataset_defects\images\train_missing_tooth\train_090.jpg,
train_091,train,train,0,,0,0,0,0,499,511,fe4d09d391869bc518943bc668b2c23ee795c9266176b2b079e2b101e63bd3b1,618e870b0b1b0707,F:\Work\VSCode\Projects\DATASET\dataset_defects\images\train_missing_tooth\train_091.jpg,
train_092,train,val,0,,0,0,0,0,425,433,01f61603dadd9a760c293cfbdedd1631fdb3ca4d87943cdcaf2383424fd08bbc,b08e172b2b1b0f07,F:\Work\VSCode\Projects\DATASET\dataset_defects\images\train_missing_tooth\train_092.jpg,
train_093,train,train,0,,0,0,0,0,311,461,537e0b5c4826c63f4bf1f2f607d832207e40e698166ed2e067e8927f862914ff,300c0e170f030f0e,F:\Work\VSCode\Projects\DATASET\dataset_defects\images\train_missing_tooth\train_093.jpg,
train_094,train,val,0,,0,0,0,0,299,463,08a7143b6c976f26d1bb903cd0003fb366967876a5b4e3f63a3ff5ecf51be240,710c0e162f03070c,F:\Work\VSCode\Projects\DATASET\dataset_defects\images\train_missing_tooth\train_094.jpg,
train_095,train,train,0,,0,0,0,0,296,479,922cc66786f04784a7d9898a50f2a8013036171f9af77cebad016b2bee088f7b,310c0e162707070c,F:\Work\VSCode\Projects\DATASET\dataset_defects\images\train_missing_tooth\train_095.jpg,
train_096,train,train,0,,0,0,0,0,295,488,8cb0ef5e0033b49fadea1b992166cd0398a99d963ce1b000014dda2615198331,710d06172f07070c,F:\Work\VSCode\Projects\DATASET\dataset_defects\images\train_missing_tooth\train_096.jpg,
train_097,train,train,0,,0,0,0,0,293,493,40ee20d86bd33a0980f450c0a7688c35a64eb32e2f6e1af4cf86f40c29c15358,210c0e1b2f03070c,F:\Work\VSCode\Projects\DATASET\dataset_defects\images\train_missing_tooth\train_097.jpg,
train_098,train,train,0,,0,0,0,0,177,495,fc6f41f2c026560b3aa1cefd41dc96dace9b8e080093af4a656b5a8d08d9216b,0383132f2f2b1733,F:\Work\VSCode\Projects\DATASET\dataset_defects\images\train_missing_tooth\train_098.jpg,
train_099,train,val,0,,0,0,0,0,189,484,eea7a3e1a7507561e42ff2dbd1b31a8ed89fd104d8a75a299fb7cb0dae63b89d,0383132f2f3b1636,F:\Work\VSCode\Projects\DATASET\dataset_defects\images\train_missing_tooth\train_099.jpg,
train_100,train,val,0,,0,0,0,0,183,508,bf1107e959bdd87ecc5648176a6d1d7de032708fcf52b9c050da3ed6f4ec5136,03030b2f2b2f3636,F:\Work\VSCode\Projects\DATASET\dataset_defects\images\train_missing_tooth\train_100.jpg,
train_101,train,val,0,,0,0,0,0,471,473,6bfe4de0b1948f3e6d9e35ee21435c13cfdb9431ab2935de72ae50d4f78e0a43,588e17033b1b0f07,F:\Work\VSCode\Projects\DATASET\dataset_defects\images\train_missing_tooth\train_101.jpg,
train_102,train,train,0,,0,0,0,0,502,505,f9391f75b4be4534328b88ce10da5499070eac8bd62278732f3e837334b087eb,b48e0723131b0f07,F:\Work\VSCode\Projects\DATASET\dataset_defects\images\train_missing_tooth\train_102.jpg,
train_103,train,train,0,,0,0,0,0,369,516,85b7c82affc7a1e73363cefda00c5f8fadd3048a14e3b698f63fbc9f8bda8299,620d0e272f03070e,F:\Work\VSCode\Projects\DATASET\dataset_defects\images\train_missing_tooth\train_103.jpg,
train_104,train,train,0,,0,0,0,0,366,531,67ea916bfbf4e5cbb37f390d5c4bf444ea4bc1e2a77ab0671ae396cac7078094,300c0e270703078e,F:\Work\VSCode\Projects\DATASET\dataset_defects\images\train_missing_tooth\train_104.jpg,
train_105,train,train,0,,0,0,0,0,385,548,b36a12bbd25cc5f84cb0f8cc0e03d2e96919f74cba65e88114fd2988c23fbee6,228c0e1707030786,F:\Work\VSCode\Projects\DATASET\dataset_defects\images\train_missing_tooth\train_105.jpg,
train_106,train,train,0,,0,0,0,0,372,543,2d8d81c0557bc87a6b63ec22f7780eff9581bf2d606325fe232e2d86dec877cf,220c06070303078e,F:\Work\VSCode\Projects\DATASET\dataset_defects\images\train_missing_tooth\train_106.jpg,
train_107,train,train,0,,0,0,0,0,367,538,edaf89bad4c34bda0119d8bb6dae8934c0c5770762e40d7cfd193817dbaa6d36,600c0e272703078c,F:\Work\VSCode\Projects\DATASET\dataset_defects\images\train_missing_tooth\train_107.jpg,
train_108,train,val,0,,0,0,0,0,245,535,e2e60b884d6c76be50f670eada3c571c6dd279d1db0e2331aec0751de9aad4a7,160e0e3f1b1b0b0d,F:\Work\VSCode\Projects\DATASET\dataset_defects\images\train_missing_tooth\train_108.jpg,
train_109,train,val,0,,0,0,0,0,211,555,9e00c0c9d69e1ff24f8fb9e395d4b347d2a1c04c67b81beae150ff1e7c88bc54,0606062f3f031b19,F:\Work\VSCode\Projects\DATASET\dataset_defects\images\train_missing_tooth\train_109.jpg,
train_110,train,train,0,,0,0,0,0,205,529,6f7e90961f3134c8962b6ce014c9271e255f776286380adbe744c9baaf0d301d,0616162f2b0b1b1b,F:\Work\VSCode\Projects\DATASET\dataset_defects\images\train_missing_tooth\train_110.jpg,
train_111,train,train,0,,0,0,0,0,490,494,95d1c87c17f7fcbff3c4ba9632293e03d9b87b02726219916d3e87b5dfb3635c,50ce272b0b1b0f87,F:\Work\VSCode\Projects\DATASET\dataset_defects\images\train_missing_tooth\train_111.jpg,
train_112,train,train,0,,0,0,0,0,574,571,46f7dbae5ebeb90cf8f1bfbf1e36071a8cd13584517ec076cb63f0cc20b79447,208e87070b1b078f,F:\Work\VSCode\Projects\DATASET\dataset_defects\images\train_missing_tooth\train_112.jpg,
train_113,train,train,0,,0,0,0,0,392,491,628588bb527b6befee88c68e0db02057314b190d649f998754ffc97082b526ad,609c0e270f070786,F:\Work\VSCode\Projects\DATASET\dataset_defects\images\train_missing_tooth\train_113.jpg,
train_114,train,train,0,,0,0,0,0,392,492,0a74706e98516183e8a1c047493056836e5845310de6b0279a25dddecbb3b708,618d0e2737138f86,F:\Work\VSCode\Projects\DATASET\dataset_defects\images\train_missing_tooth\train_114.jpg,
train_115,train,train,0,,0,0,0,0,395,490,db8b4fdc16fc8927e21a6d5129261f7269e850a9068a8f6081342d366efd5250,c08c0e2727030786,F:\Work\VSCode\Projects\DATASET\dataset_defects\images\train_missing_tooth\train_115.jpg,
train_116,train,train,0,,0,0,0,0,407,508,2e2acd685536a055eee420d3cf47d997244c0b102fa5c19eaf86ab9aecb6647f,e08c063707130786,F:\Work\VSCode\Projects\DATASET\dataset_defects\images\train_missing_tooth\train_116.jpg,
train_117,train,train,0,,0,0,0,0,408,527,2673dbe2c3e3bef8826aeb5e6cbea4f7dd63c662fd86261926181bb3e4e029b9,608c0e3707070686,F:\Work\VSCode\Projects\DATASET\dataset_defects\images\train_missing_tooth\train_117.jpg,
train_118,train,train,0,,0,0,0,0,281,561,9463471c1b908e0518654be2220b5e1ea5cdc0a61f35f61898a591d53ce49cba,0c0c0e2e07130f0c,F:\Work\VSCode\Projects\DATASET\dataset_defects\images\train_missing_tooth\train_118.jpg,
train_119,train,train,0,,0,0,0,0,235,571,c7c3afbe88838b28b53b6fd1d703568e0892c6a77e93383715d14c8f04961c84,0406062b23031f19,F:\Work\VSCode\Projects\DATASET\dataset_defects\images\train_missing_tooth\train_119.jpg,
train_120,train,train,0,,0,0,0,0,233,573,59db701b2613047c9eb86795494075ea450334334ed741fccb69d8102a975ff0,0206062b2f07171a,F:\Work\VSCode\Projects\DATASET\dataset_defects\images\train_missing_tooth\train_120.jpg,
train_121,train,train,0,,0,0,0,0,767,745,7675ec20770be73032a012e0c72cca13483c5d6cff8f11ee7e5f800ec1d04a55,208f070b23078f41,F:\Work\VSCode\Projects\DATASET\dataset_defects\images\train_missing_tooth\train_121.jpg,
train_122,train,train,0,,0,0,0,0,692,677,442d5af9a4694bdd14a3306846c69fe67f0f9677dfe21aaae727dfc0788378af,608f0f2b090d0b05,F:\Work\VSCode\Projects\DATASET\dataset_defects\images\train_missing_tooth\train_122.jpg,
train_123,train,val,1,side,3,0,0,0,744,763,778bf3faf5ac18564349abba4ecb0b0d5f611ab3e15e1cde610437bd11b4151d,649e1f0f0f068e8e,F:\Work\VSCode\Projects\DATASET\dataset_defects\images\train_missing_tooth\train_123.jpg,F:\Work\VSCode\Projects\DATASET\dataset_defects\annotations\train_missing_tooth\train_123.xml
train_124,train,val,0,,0,0,0,0,712,737,9c7791dfb0151331006132a7ed7ba909635567cf7a42b2d785662fa6f5e3b0ad,649e1f0b0f068e8e,F:\Work\VSCode\Projects\DATASET\dataset_defects\images\train_missing_tooth\train_124.jpg,
train_125,train,val,0,,0,0,0,0,751,783,3b92470ed4c1e6a929de20dc3b82f58b2305857b5d8fadfebce4c7d003d81b9d,648e0f0b0f068e9d,F:\Work\VSCode\Projects\DATASET\dataset_defects\images\train_missing_tooth\train_125.jpg,
train_126,train,val,1,side,1,0,0,0,737,764,e4d3fcf20fc5a1f0d62fd612f516f56948d0fb0f5b8e1b473b522d341660ab4b,241e1f0b0f068e8e,F:\Work\VSCode\Projects\DATASET\dataset_defects\images\train_missing_tooth\train_126.jpg,F:\Work\VSCode\Projects\DATASET\dataset_defects\annotations\train_missing_tooth\train_126.xml
train_127,train,val,1,side,2,0,0,0,792,812,2d6b742451eaa543a933c5ad7199d2a1842b456a2adaebadfa9393ef2510f5a9,649e1f0b0f068e4e,F:\Work\VSCode\Projects\DATASET\dataset_defects\images\train_missing_tooth\train_127.jpg,F:\Work\VSCode\Projects\DATASET\dataset_defects\annotations\train_missing_tooth\train_127.xml
train_128,train,train,1,side,3,0,0,0,825,578,bb832be7b824c7456dd6b339656068c15a7add9e702321d56a43b1a29cfa50fb,208e8e0f03131783,F:\Work\VSCode\Projects\DATASET\dataset_defects\images\train_missing_tooth\train_128.jpg,F:\Work\VSCode\Projects\DATASET\dataset_defects\annotations\train_missing_tooth\train_128.xml
train_129,train,train,1,side,3,0,0,0,802,550,f0fa7f49d70a5856cda2119b79f1718a580329dc51a55458ef32257c6519e4b1,008e8e0f03130780,F:\Work\VSCode\Projects\DATASET\dataset_defects\images\train_missing_tooth\train_129.jpg,F:\Work\VSCode\Projects\DATASET\dataset_defects\annotations\train_missing_tooth\train_129.xml
train_130,train,train,1,side,3,0,0,0,764,531,624df4810483a3d2f7751614c6a01da167de1a6341b1400275b47e751ab05c85,200e8e0f031303c2,F:\Work\VSCode\Projects\DATASET\dataset_defects\images\train_missing_tooth\train_130.jpg,F:\Work\VSCode\Projects\DATASET\dataset_defects\annotations\train_missing_tooth\train_130.xml
train_131,train,train,0,,0,0,0,0,429,428,a393a956ec6aca002754fd90c97a1af0c35ba56dbfbd422202284afd14875790,200f1f0d0d078743,F:\Work\VSCode\Projects\DATASET\dataset_defects\images\train_missing_tooth\train_131.jpg,
train_132,train,train,0,,0,0,0,0,474,483,d7e63200aaa97199184e82df20be1c9e4ea585220191662dc7ba9d4e9cdfdc84,608f1b0d09078761,F:\Work\VSCode\Projects\DATASET\dataset_defects\images\train_missing_tooth\train_132.jpg,
train_133,train,train,0,,0,0,0,0,451,299,79d2801c0d172f89643d804a1fadf86cef40c89d3da8ce468f3fc17a7b76b8ab,618e132307078fc1,F:\Work\VSCode\Projects\DATASET\dataset_defects\images\train_missing_tooth\train_133.jpg,
train_134,train,train,1,bottom,3,0,0,0,493,327,66a41f3f2e656d8434cac929b0514db8d2edc4dc0ef8dd24a9a59308b9840591,618e1723070787c1,F:\Work\VSCode\Projects\DATASET\dataset_defects\images\train_missing_tooth\train_134.jpg,F:\Work\VSCode\Projects\DATASET\dataset_defects\annotations\train_missing_tooth\train_134.xml
train_135,train,train,1,bottom,2,1,1,0,470,338,ffcf86765e8adb6aa49eb28b704af1efcf295235a59585945049c469fc6470ef,708e172307078fe0,F:\Work\VSCode\Projects\DATASET\dataset_defects\images\train_missing_tooth\train_135.jpg,F:\Work\VSCode\Projects\DATASET\dataset_defects\annotations\train_missing_tooth\train_135.xml
train_136,train,train,0,,0,0,0,0,477,339,0041063c1c7e0050a746253f8114e6b4d382d06afde25928bb44f873432d2ce4,708e1723070f8fc1,F:\Work\VSCode\Projects\DATASET\dataset_defects\images\train_missing_tooth\train_136.jpg,
train_137,train,train,1,bottom,2,1,1,0,481,337,b7b25d8f1174de0f94d07dc5bc269e3285d4baf9fdc66b8922fd3f8338c4ecb0,308e132307078fc1,F:\Work\VSCode\Projects\DATASET\dataset_defects\images\train_missing_tooth\train_137.jpg,F:\Work\VSCode\Projects\DATASET\dataset_defects\annotations\train_missing_tooth\train_137.xml
train_138,train,train,1,bottom,2,0,0,0,531,210,9045da5fc966e8257fca90de932b2f131b0a46e33c248875adc9585f0d57e871,6007032703070f8f,F:\Work\VSCode\Projects\DATASET\dataset_defects\images\train_missing_tooth\train_138.jpg,F:\Work\VSCode\Projects\DATASET\dataset_defects\annotations\train_missing_tooth\train_138.xml
train_139,train,train,1,bottom,3,0,0,0,533,209,5be5d2f23acfef368b9423527643755bbf62aaa983e4cfcc72d3538055f93951,0007032703070f8f,F:\Work\VSCode\Projects\DATASET\dataset_defects\images\train_missing_tooth\train_139.jpg,F:\Work\VSCode\Projects\DATASET\dataset_defects\annotations\train_missing_tooth\train_139.xml
train_140,train,train,1,bottom,1,0,0,0,533,214,6ac26d7144a4a50330937b34f52423e151d13dac189bee25b3289f51c022f6a3,0007332f0b030f8f,F:\Work\VSCode\Projects\DATASET\dataset_defects\images\train_missing_tooth\train_140.jpg,F:\Work\VSCode\Projects\DATASET\dataset_defects\annotations\train_missing_tooth\train_140.xml
train_141,train,val,0,,0,0,0,0,411,420,6d8fcc7fa975824d95badd784b2c678ad7f61e504eb45432d23c5076b8bb239b,048f1b0d0b0787e0,F:\Work\VSCode\Projects\DATASET\dataset_defects\images\train_missing_tooth\train_141.jpg,
train_142,train,train,0,,0,0,0,0,487,506,f98737cd31208e97bee00fc70960387bfcdf86ab80d60450539b6d6a178a6e56,208f1f2d0b078760,F:\Work\VSCode\Projects\DATASET\dataset_defects\images\train_missing_tooth\train_142.jpg,
train_143,train,train,1,oblique,3,0,0,0,463,354,ca773c027c9a43f8a76dad7f05185fc58776733d4e1c76b79880ab5918dbcc07,318e172327078fc1,F:\Work\VSCode\Projects\DATASET\dataset_defects\images\train_missing_tooth\train_143.jpg,F:\Work\VSCode\Projects\DATASET\dataset_defects\annotations\train_missing_tooth\train_143.xml
train_144,train,train,1,oblique,4,0,0,0,477,344,51378e7407ff14ee550c888b665d10be24f1e1df94c64b8e3a7fbf3285c4a4cc,31ce132327178fc0,F:\Work\VSCode\Projects\DATASET\dataset_defects\images\train_missing_tooth\train_144.jpg,F:\Work\VSCode\Projects\DATASET\dataset_defects\annotations\train_missing_tooth\train_144.xml
train_145,train,train,1,oblique,4,0,0,0,480,340,5c7e8437204a1cc31a9d56d47d2a4261cda7629da2475e62a53c5191fb143e9f,30c6132307078fc0,F:\Work\VSCode\Projects\DATASET\dataset_defects\images\train_missing_tooth\train_145.jpg,F:\Work\VSCode\Projects\DATASET\dataset_defects\annotations\train_missing_tooth\train_145.xml
train_146,train,train,1,bottom+oblique,3,0,0,0,472,339,c4e86f2e16f3b10e376288ba6c2815f97333dfcd5825a2f9b52ed3ac17add1db,318e1b2327078fc0,F:\Work\VSCode\Projects\DATASET\dataset_defects\images\train_missing_tooth\train_146.jpg,F:\Work\VSCode\Projects\DATASET\dataset_defects\annotations\train_missing_tooth\train_146.xml
train_147,train,train,1,bottom,3,1,1,0,479,325,bd12b1aeeec759bb38dae868efc4411932cc1d7498031ad2400c162406e8fbfd,218e132327078fc1,F:\Work\VSCode\Projects\DATASET\dataset_defects\images\train_missing_tooth\train_147.jpg,F:\Work\VSCode\Projects\DATASET\dataset_defects\annotations\train_missing_tooth\train_147.xml
train_148,train,train,1,bottom,3,0,0,0,505,205,75a7dc4a7b014f663b194a18258d44451970e7ffb14810f8a6ea764db0b36f6a,200303271b070f9b,F:\Work\VSCode\Projects\DATASET\dataset_defects\images\train_missing_tooth\train_148.jpg,F:\Work\VSCode\Projects\DATASET\dataset_defects\annotations\train_missing_tooth\train_148.xml
train_149,train,val,1,bottom,3,0,0,0,494,194,6c8bef4b38cc102d0ca1aa3576bd4850a3491c762b41789f878b05110a4ce69a,4007332707030f8b,F:\Work\VSCode\Projects\DATASET\dataset_defects\images\train_missing_tooth\train_149.jpg,F:\Work\VSCode\Projects\DATASET\dataset_defects\annotations\train_missing_tooth\train_149.xml
train_150,train,train,1,bottom,4,0,0,0,509,198,3e4a993db87ef8e8ae46fc03ef26efef17be5f0153d19bb3d218fab38a0c932e,200733270703078f,F:\Work\VSCode\Projects\DATASET\dataset_defects\images\train_missing_tooth\train_150.jpg,F:\Work\VSCode\Projects\DATASET\dataset_defects\annotations\train_missing_tooth\train_150.xml
train_151,train,train,0,,0,0,0,0,471,480,d104fe6a6df41c54b769b5cc67790888c59527d56b7d2d65cba4f8103442faa0,000f070d0b078740,F:\Work\VSCode\Projects\DATASET\dataset_defects\images\train_missing_tooth\train_151.jpg,
train_152,train,train,0,,0,0,0,0,546,546,583f37461a33227c97a0aada4fd99675eae3386b4866d38cafc15e6782b48a4f,068b0909090787e0,F:\Work\VSCode\Projects\DATASET\dataset_defects\images\train_missing_tooth\train_152.jpg,
train_153,train,train,0,,0,0,0,0,490,331,b4e6195e863bf08df35412449185867ffb1dc1ed0a6e2ac1d3575c0faf726ba6,218e172327178fc1,F:\Work\VSCode\Projects\DATASET\dataset_defects\images\train_missing_tooth\train_153.jpg,
train_154,train,train,0,,0,0,0,0,487,309,535e5f76d6e4000308217c8284da25fd51ff997ad379fd6393baaa3085d6cf6f,308613270b178fc1,F:\Work\VSCode\Projects\DATASET\dataset_defects\images\train_missing_tooth\train_154.jpg,
train_155,train,val,0,,0,0,0,0,496,319,8f435cf287f419ddd58fe6d2f2d8ff2f0b02f3a46f39f38aa100103b845aa05d,6086132313178fc5,F:\Work\VSCode\Projects\DATASET\dataset_defects\images\train_missing_tooth\train_155.jpg,
train_156,train,train,0,,0,0,0,0,486,319,2f17bc5843ad2770563c6725fa96a56d8f2771b95e4e951a23edd4e7aa3cd8dc,618e132737178fc5,F:\Work\VSCode\Projects\DATASET\dataset_defects\images\train_missing_tooth\train_156.jpg,
train_157,train,train,0,,0,0,0,0,496,343,6b6e5b856e7f99fdb3fd0c4ba476d5cd3a4faf65cbcf399d91f19a361c82a254,618e132727178fc0,F:\Work\VSCode\Projects\DATASET\dataset_defects\images\train_missing_tooth\train_157.jpg,
train_158,train,train,0,,0,0,0,0,521,222,d6d8661a03c67673580cc6e25b432fc6e9e5c17050b59c74ff2800d9fe0fe109,0007333307078f8f,F:\Work\VSCode\Projects\DATASET\dataset_defects\images\train_missing_tooth\train_158.jpg,
train_159,train,train,0,,0,0,0,0,536,229,ef86e85116dc94f5c33de0d7d55479ed42fee945090e88dc7d03fd38bad74f0f,0007032303178f8f,F:\Work\VSCode\Projects\DATASET\dataset_defects\images\train_missing_tooth\train_159.jpg,
train_160,train,val,0,,0,0,0,0,528,225,60b92a8c8201ecdb9891b31ab57ec244f32b50a588ae5c6fdc31c53e6f45b48a,000f372707178f8f,F:\Work\VSCode\Projects\DATASET\dataset_defects\images\train_missing_tooth\train_160.jpg,
train_161,train,train,0,,0,0,0,0,529,543,85c2d85f91cc42c515861c27b5296943e1ffbfd3cca62942235460c64bf051a9,600f0d0d0f078700,F:\Work\VSCode\Projects\DATASET\dataset_defects\images\train_missing_tooth\train_161.jpg,
train_162,train,train,0,,0,0,0,0,652,647,5a5620b28ce0f9338eb2548f35f95171843b391b0d650fea6d6e49f22add92aa,200f0f0d0b078740,F:\Work\VSCode\Projects\DATASET\dataset_defects\images\train_missing_tooth\train_162.jpg,
train_163,train,train,1,bottom,2,1,1,0,573,432,b2bbbca14393dd856326a9d41c4e670eed671c251c15c6d54f8ab8e1e5829ef4,608e1f2303078763,F:\Work\VSCode\Projects\DATASET\dataset_defects\images\train_missing_tooth\train_163.jpg,F:\Work\VSCode\Projects\DATASET\dataset_defects\annotations\train_missing_tooth\train_163.xml
train_164,train,train,0,,0,0,0,0,561,429,769875c2fe3c99a0238df8067c8bfc2d1a0fa504a44aeabdfd2802c554076ba4,608e1f2323078f40,F:\Work\VSCode\Projects\DATASET\dataset_defects\images\train_missing_tooth\train_164.jpg,
train_165,train,train,1,bottom,2,1,1,0,585,452,d7e2bbacc22f03d6c6193c8356f8b9a87bf68f62061cfe859c51dcd47e245a5b,618e1f2323078f60,F:\Work\VSCode\Projects\DATASET\dataset_defects\images\train_missing_tooth\train_165.jpg,F:\Work\VSCode\Projects\DATASET\dataset_defects\annotations\train_missing_tooth\train_165.xml
train_166,train,train,1,bottom,1,0,0,0,576,443,7775bfc8aad8a809a688b671c8829743cddeb8a269b3a63243e2e4de9a0b1421,618e172323078f40,F:\Work\VSCode\Projects\DATASET\dataset_defects\images\train_missing_tooth\train_166.jpg,F:\Work\VSCode\Projects\DATASET\dataset_defects\annotations\train_missing_tooth\train_166.xml
train_167,train,train,1,bottom,2,0,0,0,571,451,98d7aeffc6e6f1806dc55938423f9136d97fa080f6110001f9f9716d5202c8a8,618e1f2323078f62,F:\Work\VSCode\Projects\DATASET\dataset_defects\images\train_missing_tooth\train_167.jpg,F:\Work\VSCode\Projects\DATASET\dataset_defects\annotations\train_missing_tooth\train_167.xml
train_168,train,val,1,bottom+oblique,5,0,0,0,551,241,00f3b2a0ee285419fe86dd679e221c15f15046396a816b6494ee7da8c5fd786f,0003132703070fcb,F:\Work\VSCode\Projects\DATASET\dataset_defects\images\train_missing_tooth\train_168.jpg,F:\Work\VSCode\Projects\DATASET\dataset_defects\annotations\train_missing_tooth\train_168.xml
train_169,train,val,1,bottom+oblique,5,0,0,0,538,233,d88d408bf8446dd04ceb1b9038af435b8ee8590c0adcc3826ae78359f91a2417,000713270b070f8b,F:\Work\VSCode\Projects\DATASET\dataset_defects\images\train_missing_tooth\train_169.jpg,F:\Work\VSCode\Projects\DATASET\dataset_defects\annotations\train_missing_tooth\train_169.xml
train_170,train,val,1,bottom,3,0,0,0,526,225,ae84e22e35ae1e1185fe4aeb609a82157a78572a338c6fd751b4f86006c501b8,0007132713070f8b,F:\Work\VSCode\Projects\DATASET\dataset_defects\images\train_missing_tooth\train_170.jpg,F:\Work\VSCode\Projects\DATASET\dataset_defects\annotations\train_missing_tooth\train_170.xml
train_171,train,train,0,,0,0,0,0,552,554,62ecf00354253847bea67baf352df67e01de9451f483909e08f3f9eccabce2df,248b0f2d0b078f60,F:\Work\VSCode\Projects\DATASET\dataset_defects\images\train_missing_tooth\train_171.jpg,
train_172,train,train,0,,0,0,0,0,550,556,36d440cf13f1003af1d0b1356ea02f8bbd381aaf526b9ada4bbeb5a3b8c2e44a,000f0f0d0b078f60,F:\Work\VSCode\Projects\DATASET\dataset_defects\images\train_missing_tooth\train_172.jpg,
train_173,train,train,0,,0,0,0,0,545,372,2d9170f6f46bf920d81e4768efc75b491c230962a3a098613fd355f1baabaf7b,608e172307078fc1,F:\Work\VSCode\Projects\DATASET\dataset_defects\images\train_missing_tooth\train_173.jpg,
train_174,train,train,0,,0,0,0,0,549,409,beb202b331aa12ec7f3fadaf890a22d5390208408b422629dda4e9f44ea8a181,318e132327078fc0,F:\Work\VSCode\Projects\DATASET\dataset_defects\images\train_missing_tooth\train_174.jpg,
train_175,train,train,0,,0,0,0,0,536,376,371c836159443acae62289f18dcd59f2ba6fdaa925304ec8be0c2139d6ee2f05,618e132327178fc0,F:\Work\VSCode\Projects\DATASET\dataset_defects\images\train_missing_tooth\train_175.jpg,
train_176,train,train,0,,0,0,0,0,557,394,bad354ae221ca57ff6b4df49c8c7c17dc99177cfcf7a4dee9419aa5a711af347,318e132327078fc0,F:\Work\VSCode\Projects\DATASET\dataset_defects\images\train_missing_tooth\train_176.jpg,
train_177,train,train,0,,0,0,0,0,554,393,e7cfb99f8a2e9e961bff3c5f4af5c0be0be087626733d9558783ccc73f5d11c6,2186132327078fc0,F:\Work\VSCode\Projects\DATASET\dataset_defects\images\train_missing_tooth\train_177.jpg,
train_178,train,train,0,,0,0,0,0,495,211,dbbbedb6f420ceca37f87f028baa620d13a3d4cd16ff42496addd49990411f41,000723271f070f8f,F:\Work\VSCode\Projects\DATASET\dataset_defects\images\train_missing_tooth\train_178.jpg,
train_179,train,train,0,,0,0,0,0,493,217,7b957b414f987c178ba34b03912d1a965332eaaa676b9d8fcfe0253b01ae0489,000e23270f078f43,F:\Work\VSCode\Projects\DATASET\dataset_defects\images\train_missing_tooth\train_179.jpg,
train_180,train,train,0,,0,0,0,0,514,216,a34dd6d476b3ea3d8f0ee2fcd7c22b309d18fd7b1ba1d9428c1df8e03dd299c7,000f332703070f8b,F:\Work\VSCode\Projects\DATASET\dataset_defects\images\train_missing_tooth\train_180.jpg,
train_181,train,val,0,,0,0,0,0,729,719,77578090d171feac3d3c368d7758d0e861d92bb63202d8d17279e3b197177afd,608f170b03078fe0,F:\Work\VSCode\Projects\DATASET\dataset_defects\images\train_missing_tooth\train_181.jpg,
train_182,train,train,0,,0,0,0,0,821,805,12337fb4af73f9e6f03c82a7c28bee6771a7cc6280473e105252ea553547f15e,020e070f0f0f0f01,F:\Work\VSCode\Projects\DATASET\dataset_defects\images\train_missing_tooth\train_182.jpg,
train_183,train,val,0,,0,0,0,0,664,540,7de9f498274c0999f5945783b72fb1ad6b8a3d18b0b26e661d84f10e18c17cc8,601e0f23170f07a0,F:\Work\VSCode\Projects\DATASET\dataset_defects\images\train_missing_tooth\train_183.jpg,
train_184,train,train,1,side,4,0,0,0,701,570,fa85d50b4ba1932fe67a359e04c75bf4b760c29d0910282b2fb4cf92bc35c545,608f1b23070f0761,F:\Work\VSCode\Projects\DATASET\dataset_defects\images\train_missing_tooth\train_184.jpg,F:\Work\VSCode\Projects\DATASET\dataset_defects\annotations\train_missing_tooth\train_184.xml
train_185,train,train,1,side,3,0,0,0,749,601,97a5370b64797d767adfb9495662f685569570c986bfcf24ab77598c7d2d94ff,e08f0b2317070761,F:\Work\VSCode\Projects\DATASET\dataset_defects\images\train_missing_tooth\train_185.jpg,F:\Work\VSCode\Projects\DATASET\dataset_defects\annotations\train_missing_tooth\train_185.xml
train_186,train,train,1,side,3,0,0,0,750,597,dbb69db087343b27a6164abd53bd27d8d027706bebe194bab1cee22e096a50ff,e48f1b2313070721,F:\Work\VSCode\Projects\DATASET\dataset_defects\images\train_missing_tooth\train_186.jpg,F:\Work\VSCode\Projects\DATASET\dataset_defects\annotations\train_missing_tooth\train_186.xml
train_187,train,train,1,side,3,0,0,0,749,607,86d5d6ca17eb6031c11ee1e0499dafa3507117f8a4200d1e49ec6942dfe6b663,608f1b2307070761,F:\Work\VSCode\Projects\DATASET\dataset_defects\images\train_missing_tooth\train_187.jpg,F:\Work\VSCode\Projects\DATASET\dataset_defects\annotations\train_missing_tooth\train_187.xml
train_188,train,val,1,side,2,0,0,0,734,482,cb626a641fbf4ff1355441bf8729939dd4557e1865480af4f40c4c4a300071e4,000b03230f0f0f00,F:\Work\VSCode\Projects\DATASET\dataset_defects\images\train_missing_tooth\train_188.jpg,F:\Work\VSCode\Projects\DATASET\dataset_defects\annotations\train_missing_tooth\train_188.xml
train_189,train,train,1,side,3,0,0,0,760,501,dc2a6fd71f11fb104217f759c715389d9cfb5951fd43d499af1a25cf4fa79db5,000b03030f8f0f43,F:\Work\VSCode\Projects\DATASET\dataset_defects\images\train_missing_tooth\train_189.jpg,F:\Work\VSCode\Projects\DATASET\dataset_defects\annotations\train_missing_tooth\train_189.xml
train_190,train,train,1,side,4,0,0,0,760,506,0f554ca4b09ec93522f125e0309742b286bc7f989a4a2791d3af5e23d884ea42,00030b230f8f0f81,F:\Work\VSCode\Projects\DATASET\dataset_defects\images\train_missing_tooth\train_190.jpg,F:\Work\VSCode\Projects\DATASET\dataset_defects\annotations\train_missing_tooth\train_190.xml
train_191,train,val,0,,0,0,0,0,636,629,d51f7ca4e54a031a95c8ea3ca730bdf3f2b61158bb07db394f2b51744852eed7,608f130b03078f60,F:\Work\VSCode\Projects\DATASET\dataset_defects\images\train_missing_tooth\train_191.jpg,
train_192,train,train,0,,0,0,0,0,707,690,e8059c5e29789a72e003c4c303d5bb5a2f5cb51e4835fd9aa735efbceb5e3b1a,218e1f0d0f070c60,F:\Work\VSCode\Projects\DATASET\dataset_defects\images\train_missing_tooth\train_192.jpg,
train_193,train,train,1,side,4,0,0,0,681,573,f2218443eb2e196f8d0acafce1515dfbd6a538891205e3b074af19c3f4656cf8,618f1f2b070f0f20,F:\Work\VSCode\Projects\DATASET\dataset_defects\images\train_missing_tooth\train_193.jpg,F:\Work\VSCode\Projects\DATASET\dataset_defects\annotations\train_missing_tooth\train_193.xml
train_194,train,train,1,side,3,0,0,0,642,543,6c2268fe089542cd93720ddfb17dfeed7d44684bc02608e162957ff6e4df63e6,618e1f2b070f0f60,F:\Work\VSCode\Projects\DATASET\dataset_defects\images\train_missing_tooth\train_194.jpg,F:\Work\VSCode\Projects\DATASET\dataset_defects\annotations\train_missing_tooth\train_194.xml
train_195,train,train,1,side,2,0,0,0,649,545,f836174eb125c7f7145201bd622142ecb5e0c3674a49741662b9dc071eeec391,618e172b07070760,F:\Work\VSCode\Projects\DATASET\dataset_defects\images\train_missing_tooth\train_195.jpg,F:\Work\VSCode\Projects\DATASET\dataset_defects\annotations\train_missing_tooth\train_195.xml
train_196,train,train,1,side,4,0,0,0,629,537,76acbeb5757509c99956660d48f17afb12d1502cfa3e07bca43baff1c7303bf6,608e172b070f0760,F:\Work\VSCode\Projects\DATASET\dataset_defects\images\train_missing_tooth\train_196.jpg,F:\Work\VSCode\Projects\DATASET\dataset_defects\annotations\train_missing_tooth\train_196.xml
train_197,train,train,1,side,4,0,0,0,654,553,8a4e1b0fc1c7764fe6e17074f65579f7ddc375ca3dc1f745c5353b5dac6529b5,608e1f2b07070f00,F:\Work\VSCode\Projects\DATASET\dataset_defects\images\train_missing_tooth\train_197.jpg,F:\Work\VSCode\Projects\DATASET\dataset_defects\annotations\train_missing_tooth\train_197.xml
train_198,train,train,1,side,5,0,0,0,673,572,0f6ada1e35bd1f3dadcc347455d387a87b36a16e7925b89a79347e84b17f89ff,608f1f0b07070f40,F:\Work\VSCode\Projects\DATASET\dataset_defects\images\train_missing_tooth\train_198.jpg,F:\Work\VSCode\Projects\DATASET\dataset_defects\annotations\train_missing_tooth\train_198.xml
train_199,train,train,1,side,6,0,0,0,605,412,dcfd72673fc2ec0fa1b9ca46e8efa30e013614e951f2f8b54c6b3517e2120783,001b03330f0f0784,F:\Work\VSCode\Projects\DATASET\dataset_defects\images\train_missing_tooth\train_199.jpg,F:\Work\VSCode\Projects\DATASET\dataset_defects\annotations\train_missing_tooth\train_199.xml
train_200,train,val,1,side,5,0,0,0,667,446,8745dac832d44ef7d05f91439686a3ed530a08ef37ff0f04896b3e73846fafa6,001303230f0f0f46,F:\Work\VSCode\Projects\DATASET\dataset_defects\images\train_missing_tooth\train_200.jpg,F:\Work\VSCode\Projects\DATASET\dataset_defects\annotations\train_missing_tooth\train_200.xml
train_201,train,train,1,side,5,0,0,0,672,451,d4c3641c859664db1811a1e0ec0c33a402ec0711e66a9450e3ae73506e2841ad,001b0b230f0f0f86,F:\Work\VSCode\Projects\DATASET\dataset_defects\images\train_missing_tooth\train_201.jpg,F:\Work\VSCode\Projects\DATASET\dataset_defects\annotations\train_missing_tooth\train_201.xml
train_202,train,val,0,,0,0,0,0,453,464,ee21464e5abcc5b6533a00814a42d300bba53afc261f130b9ab61304808028dd,2087130d0f038fe0,F:\Work\VSCode\Projects\DATASET\dataset_defects\images\train_missing_tooth\train_202.jpg,
train_203,train,train,0,,0,0,0,0,518,528,8c64e9206097fef45114e810575c9b6b1397c596015669da015def55df5b9248,20070f0d0b0f8fe0,F:\Work\VSCode\Projects\DATASET\dataset_defects\images\train_missing_tooth\train_203.jpg,
train_204,train,train,0,,0,0,0,0,462,368,ea907be4f2fe84b836b9f9b06df77d55f0901e609669ff1e04a7ddf2a515050b,608e1f2b331387e1,F:\Work\VSCode\Projects\DATASET\dataset_defects\images\train_missing_tooth\train_204.jpg,
train_205,train,train,0,,0,0,0,0,462,363,b46549ab4746861b9966a902633d82fcab64e5293acf62ce199b17f8e7249b1a,618e1f23370f87e1,F:\Work\VSCode\Projects\DATASET\dataset_defects\images\train_missing_tooth\train_205.jpg,
train_206,train,train,0,,0,0,0,0,465,360,7c4e1798e61fb13006cb48513d84fb9e828d3e808d669c1f1a45c59f4733dc1f,618e1f2303178fe1,F:\Work\VSCode\Projects\DATASET\dataset_defects\images\train_missing_tooth\train_206.jpg,
train_207,train,train,0,,0,0,0,0,467,375,8e746cd49e0f40d76600a618a289e5b5675ec23874c5873173b69d72cfcde81f,30ce0f23231387e3,F:\Work\VSCode\Projects\DATASET\dataset_defects\images\train_missing_tooth\train_207.jpg,
train_208,train,train,0,,0,0,0,0,470,384,60827802808213cd023167a20c351bb370ceeb47edf17417d480f8612ef0ee09,618e1323230787e1,F:\Work\VSCode\Projects\DATASET\dataset_defects\images\train_missing_tooth\train_208.jpg,
train_209,train,train,0,,0,0,0,0,444,193,7f08480e42bc73215c06149b890875621a81c569e00f4f16fd650ae56edae8e4,2087232717078fc7,F:\Work\VSCode\Projects\DATASET\dataset_defects\images\train_missing_tooth\train_209.jpg,
train_210,train,val,0,,0,0,0,0,458,198,c67b0a4ab409e87d6e25bde81ae74b6b647fbb04a688f82171909507e0a371fd,608e33270b078fc3,F:\Work\VSCode\Projects\DATASET\dataset_defects\images\train_missing_tooth\train_210.jpg,
train_211,train,val,0,,0,0,0,0,451,200,ac5d98e2982b81e45e95cc071d6dcf16a02c6c97d95a5d0cb84b9742f58f782e,608e17270b078fc3,F:\Work\VSCode\Projects\DATASET\dataset_defects\images\train_missing_tooth\train_211.jpg,
train_212,train,train,0,,0,0,0,0,517,522,e64692032a6a1500931b96ce5447faa4851d2758c97b2d2ab4628eb063631cf9,248f0f0d0b0787e0,F:\Work\VSCode\Projects\DATASET\dataset_defects\images\train_missing_tooth\train_212.jpg,
train_213,train,val,0,,0,0,0,0,497,504,59fdfdfd1e656fc64c4bdbe4e2be96dfe8652c6f7fe0ef0a92049a4e218a114d,2807070f0b0787e0,F:\Work\VSCode\Projects\DATASET\dataset_defects\images\train_missing_tooth\train_213.jpg,
train_214,train,train,0,,0,0,0,0,466,356,c3b687c763aa56b90acb3fc267e9344b10b6d818801c02c47f4373ae6d80880f,618e1f23070787e1,F:\Work\VSCode\Projects\DATASET\dataset_defects\images\train_missing_tooth\train_214.jpg,
train_215,train,train,0,,0,0,0,0,457,354,926899ded51d5ff89839956b20f39684881c03f107de9c91964c156914f85fef,618e1723070787c1,F:\Work\VSCode\Projects\DATASET\dataset_defects\images\train_missing_tooth\train_215.jpg,
train_216,train,train,0,,0,0,0,0,457,346,346bd53418514ec458861ed698aa4ccdc4dafea9aa2f9f901fe26c733e245c39,618e1723070787c1,F:\Work\VSCode\Projects\DATASET\dataset_defects\images\train_missing_tooth\train_216.jpg,
train_217,train,train,0,,0,0,0,0,460,344,e71b9266f5dbd9a4aa69f0844124b4787f1b29e7be1ff20c7f743fde74075080,618e1723070f8741,F:\Work\VSCode\Projects\DATASET\dataset_defects\images\train_missing_tooth\train_217.jpg,
train_218,train,train,0,,0,0,0,0,450,340,80a0c211981c8dbc86da296e35a06a6a5428c17204cce688e145616f559cae06,618e1723270f8fc1,F:\Work\VSCode\Projects\DATASET\dataset_defects\images\train_missing_tooth\train_218.jpg,
train_219,train,val,0,,0,0,0,0,559,205,3ad23e66acad133a469fc33b6194b6545ca7ef12927908373637b1ff4ba3668e,0107071b0b070f8f,F:\Work\VSCode\Projects\DATASET\dataset_defects\images\train_missing_tooth\train_219.jpg,
train_220,train,train,0,,0,0,0,0,539,201,3d6f7fad144d04def3736695bb10954677294cf837379b5f998f9680789aaaf9,4707170b03070f8f,F:\Work\VSCode\Projects\DATASET\dataset_defects\images\train_missing_tooth\train_220.jpg,
train_221,train,val,0,,0,0,0,0,547,207,cc4be2b61d8f869ea8a3bdd5965dba413394521a96a7982dce9e83c56bf34359,0307331b03078f87,F:\Work\VSCode\Projects\DATASET\dataset_defects\images\train_missing_tooth\train_221.jpg,
train_222,train,train,0,,0,0,0,0,470,481,173c16c33a15c5dc58a68561dbb2ca69a9e3b35973d544771b7d3a03cd9edd2f,420f0b0d0d078760,F:\Work\VSCode\Projects\DATASET\dataset_defects\images\train_missing_tooth\train_222.jpg,
train_223,train,train,0,,0,0,0,0,537,534,6e9b1c5e5da39aed201ad506dc0db4869263b1f7cbf15eac857172166b031c43,208f0f0d0d078f60,F:\Work\VSCode\Projects\DATASET\dataset_defects\images\train_missing_tooth\train_223.jpg,
train_224,train,train,0,,0,0,0,0,515,339,d06bdec9467693e89aa4be29654cef53d6d03cac563d30306cd3a1de0763d2bb,608e1723070787c3,F:\Work\VSCode\Projects\DATASET\dataset_defects\images\train_missing_tooth\train_224.jpg,
train_225,train,train,1,oblique,3,0,0,0,507,328,c5e0da257c5fea4c7373dfa1add1188981a18e49e7ca97a4bf3dbe6a625fb90b,618e132317078fc3,F:\Work\VSCode\Projects\DATASET\dataset_defects\images\train_missing_tooth\train_225.jpg,F:\Work\VSCode\Projects\DATASET\dataset_defects\annotations\train_missing_tooth\train_225.xml
train_226,train,train,1,oblique,6,0,0,0,508,327,176c48aecb2947c01471a6862d0895f4f8467cb765f9622edaf9afb76005863e,618e132307078fc1,F:\Work\VSCode\Projects\DATASET\dataset_defects\images\train_missing_tooth\train_226.jpg,F:\Work\VSCode\Projects\DATASET\dataset_defects\annotations\train_missing_tooth\train_226.xml
train_227,train,train,1,oblique,7,0,0,0,520,335,a1948e98247a4e7d05a53a654e6b12076eb4152b53f70c5b9134da6f5f979ead,618e1323070f87c3,F:\Work\VSCode\Projects\DATASET\dataset_defects\images\train_missing_tooth\train_227.jpg,F:\Work\VSCode\Projects\DATASET\dataset_defects\annotations\train_missing_tooth\train_227.xml
train_228,train,train,1,oblique,4,0,0,0,533,336,97338bbfe52af35694b11e4c26fee62c7fc58c3efa42812e633066c00a879607,608e132307078fc1,F:\Work\VSCode\Projects\DATASET\dataset_defects\images\train_missing_tooth\train_228.jpg,F:\Work\VSCode\Projects\DATASET\dataset_defects\annotations\train_missing_tooth\train_228.xml
train_229,train,train,1,oblique,3,0,0,0,495,201,bd5953e627d1a3f5afa7b231e9a600f586be89ef28b1acb957935a87a08ecb84,0097332727070f8b,F:\Work\VSCode\Projects\DATASET\dataset_defects\images\train_missing_tooth\train_229.jpg,F:\Work\VSCode\Projects\DATASET\dataset_defects\annotations\train_missing_tooth\train_229.xml
train_230,train,train,1,oblique,1,0,0,0,506,190,80e6b2f373140a15fbeb73bb24cb2dde6612049ed62eacdd67c77bc42e23f344,4016370b070787c3,F:\Work\VSCode\Projects\DATASET\dataset_defects\images\train_missing_tooth\train_230.jpg,F:\Work\VSCode\Projects\DATASET\dataset_defects\annotations\train_missing_tooth\train_230.xml
train_231,train,val,1,oblique,1,0,0,0,519,193,96c0696360ebcca4e4b2df0c72d6ca33854665cdcc6d408c5c44b69dc361307a,401e370b03078703,F:\Work\VSCode\Projects\DATASET\dataset_defects\images\train_missing_tooth\train_231.jpg,F:\Work\VSCode\Projects\DATASET\dataset_defects\annotations\train_missing_tooth\train_231.xml
train_232,train,val,0,,0,0,0,0,657,649,560602d5a8f83fcccbff340e04ae720b5121a3e573f23fb2f4583fcf5efcf468,e08f170b03078fe1,F:\Work\VSCode\Projects\DATASET\dataset_defects\images\train_missing_tooth\train_232.jpg,
train_233,train,val,0,,0,0,0,0,776,753,0392d979e3921598195275279cfa1d456e9eef5c49b589a0140defc253b9e27b,210c0f0e0f0f0c00,F:\Work\VSCode\Projects\DATASET\dataset_defects\images\train_missing_tooth\train_233.jpg,
train_234,train,train,0,,0,0,0,0,613,558,504923b7bd451a0dbb705eb3f9550fc75bedeb7b7531e699d1c3eb4164fee257,200e8f230f138f69,F:\Work\VSCode\Projects\DATASET\dataset_defects\images\train_missing_tooth\train_234.jpg,
train_235,train,train,1,side,4,0,0,0,628,573,9525a99892d24e979e8620420b08a7764c418b3d99b6365f5af6468fffb2f8db,e30d9f230f0787e8,F:\Work\VSCode\Projects\DATASET\dataset_defects\images\train_missing_tooth\train_235.jpg,F:\Work\VSCode\Projects\DATASET\dataset_defects\annotations\train_missing_tooth\train_235.xml
train_236,train,train,1,side,3,0,0,0,604,540,3d9101d841857b0c2d5376061c5385a31576c31074b7f1a4430e4ae7291e0c3b,600d8f230f138fe9,F:\Work\VSCode\Projects\DATASET\dataset_defects\images\train_missing_tooth\train_236.jpg,F:\Work\VSCode\Projects\DATASET\dataset_defects\annotations\train_missing_tooth\train_236.xml
train_237,train,train,1,side,2,0,0,0,628,560,e481ed67dd138f7b05baffdb562a957374c4b9a58e59ac90a52e8cd58f0387c9,200d8f230f138fe1,F:\Work\VSCode\Projects\DATASET\dataset_defects\images\train_missing_tooth\train_237.jpg,F:\Work\VSCode\Projects\DATASET\dataset_defects\annotations\train_missing_tooth\train_237.xml
train_238,train,train,1,side,1,0,0,0,642,578,16c90d20706a3cf127d5a89b6fedd2ef22a9762839da17a4d9b3510d8f76345f,600d8f230f1387c9,F:\Work\VSCode\Projects\DATASET\dataset_defects\images\train_missing_tooth\train_238.jpg,F:\Work\VSCode\Projects\DATASET\dataset_defects\annotations\train_missing_tooth\train_238.xml
train_239,train,val,1,side,2,0,0,0,682,475,5c91ec5f84099f4fb1bc8223c5f6b792ce6f210b5c27566981704d9c75dd837f,20048e0f03030788,F:\Work\VSCode\Projects\DATASET\dataset_defects\images\train_missing_tooth\train_239.jpg,F:\Work\VSCode\Projects\DATASET\dataset_defects\annotations\train_missing_tooth\train_239.xml
train_240,train,val,1,side,2,0,0,0,708,500,f52f5a87695a242c68026b84e5b464340e1a087cedb7c999af22be383fde9912,20068e0f031307c0,F:\Work\VSCode\Projects\DATASET\dataset_defects\images\train_missing_tooth\train_240.jpg,F:\Work\VSCode\Projects\DATASET\dataset_defects\annotations\train_missing_tooth\train_240.xml
train_241,train,val,1,side,1,0,0,0,728,515,b8259b8d38ae11e72c13117db14a82e26da3df2cda632dc76b8a5f1cf06a20c7,200ece0f231307c0,F:\Work\VSCode\Projects\DATASET\dataset_defects\images\train_missing_tooth\train_241.jpg,F:\Work\VSCode\Projects\DATASET\dataset_defects\annotations\train_missing_tooth\train_241.xml
train_242,train,train,0,,0,0,0,0,655,653,7144a0934d2de5948edbf8a2bff0eeba65933ecfa456dc073a977394abfbd34a,210e0f0c0d0f8400,F:\Work\VSCode\Projects\DATASET\dataset_defects\images\train_missing_tooth\train_242.jpg,
train_243,train,val,0,,0,0,0,0,773,737,855da0a38217a4faf3a550e377834f54317347fc616141399ca91a653dfb1853,210f0f0f0b0f8d00,F:\Work\VSCode\Projects\DATASET\dataset_defects\images\train_missing_tooth\train_243.jpg,
train_244,train,train,0,,0,0,0,0,583,533,b27ef55eaaec73a2f951a9ad9c99b69d47bda1a2af7d00bb22ac2c81ad88a6a9,400e0b0303078ee0,F:\Work\VSCode\Projects\DATASET\dataset_defects\images\train_missing_tooth\train_244.jpg,
train_245,train,train,0,,0,0,0,0,605,554,cd0db9f5d3e2e9cb7695315e78a6a0e3eaa522dbac5d2e4656f7cca5b23e4d3a,618e0b0307078660,F:\Work\VSCode\Projects\DATASET\dataset_defects\images\train_missing_tooth\train_245.jpg,
train_246,train,train,0,,0,0,0,0,609,571,52de5d7706c4667c5af0228a35e4cb25e44fc48d3eca26385e0dcec2761ae284,618e1b2317078660,F:\Work\VSCode\Projects\DATASET\dataset_defects\images\train_missing_tooth\train_246.jpg,
train_247,train,train,1,side,2,2,1,1,621,570,a483fe1a8df6ac9677e8956d36e0a0e70bd3e47be1bfb238814bd0e2c8be96c7,410f0b0303078ee0,F:\Work\VSCode\Projects\DATASET\dataset_defects\images\train_missing_tooth\train_247.jpg,F:\Work\VSCode\Projects\DATASET\dataset_defects\annotations\train_missing_tooth\train_247.xml
train_248,train,train,1,side,5,0,0,0,677,599,323e57915ae7cfc4c3f00cc1885e2621b779ff948262791d21250f5f6f8b97f7,618f0b2707078e40,F:\Work\VSCode\Projects\DATASET\dataset_defects\images\train_missing_tooth\train_248.jpg,F:\Work\VSCode\Projects\DATASET\dataset_defects\annotations\train_missing_tooth\train_248.xml
train_249,train,val,1,side,5,0,0,0,650,395,31f7735cf96e123d8e42187486112a140767b4d00d2b1579d3ac02880a3ed319,0003330b0b130742,F:\Work\VSCode\Projects\DATASET\dataset_defects\images\train_missing_tooth\train_249.jpg,F:\Work\VSCode\Projects\DATASET\dataset_defects\annotations\train_missing_tooth\train_249.xml
train_250,train,val,1,side,3,0,0,0,670,416,fe5cb66e0c1bbecb3a5e6fddadb3dc6577bd285c830fafec533d550a4a44d420,008f232303030740,F:\Work\VSCode\Projects\DATASET\dataset_defects\images\train_missing_tooth\train_250.jpg,F:\Work\VSCode\Projects\DATASET\dataset_defects\annotations\train_missing_tooth\train_250.xml
train_251,train,train,1,side,2,1,1,0,641,401,4c7b81a2062afe94e878e8da73b6a445f745e4a14cd3fcfa36aadcc17c861f5b,801e0b0313130740,F:\Work\VSCode\Projects\DATASET\dataset_defects\images\train_missing_tooth\train_251.jpg,F:\Work\VSCode\Projects\DATASET\dataset_defects\annotations\train_missing_tooth\train_251.xml
train_252,train,train,0,,0,0,0,0,376,389,f347a958ac0625790be8bee93b01360e438ffec5032caa96ed66f738bd0eee1a,208f0f0d0f078722,F:\Work\VSCode\Projects\DATASET\dataset_defects\images\train_missing_tooth\train_252.jpg,
train_253,train,train,0,,0,0,0,0,424,434,dc191a691de46232b08d30c3548c3b74271197568f856fbfd636abd152cd835c,200f0f2d0f078740,F:\Work\VSCode\Projects\DATASET\dataset_defects\images\train_missing_tooth\train_253.jpg,
train_254,train,train,1,oblique,4,0,0,0,427,279,4e470c5ddf881e7526daed186cfc0ffdcd0d046b640db60a9d63a8a513222125,409e1f231b0787e3,F:\Work\VSCode\Projects\DATASET\dataset_defects\images\train_missing_tooth\train_254.jpg,F:\Work\VSCode\Projects\DATASET\dataset_defects\annotations\train_missing_tooth\train_254.xml
train_255,train,train,1,oblique,5,0,0,0,434,284,ecf8e741ebdbe8ea15e934d1dcb61ac35c8de2b69134783db243a9b21d4f4afc,618e172303078f61,F:\Work\VSCode\Projects\DATASET\dataset_defects\images\train_missing_tooth\train_255.jpg,F:\Work\VSCode\Projects\DATASET\dataset_defects\annotations\train_missing_tooth\train_255.xml
train_256,train,train,1,oblique,2,1,1,0,445,295,49b1e6b27f7437cb5b710eb98b14beecad82d6369e71b8ff8606e03928a320b5,699e1323170787e1,F:\Work\VSCode\Projects\DATASET\dataset_defects\images\train_missing_tooth\train_256.jpg,F:\Work\VSCode\Projects\DATASET\dataset_defects\annotations\train_missing_tooth\train_256.xml
train_257,train,train,1,oblique,3,0,0,0,446,301,716c707d97171a3dbd8da4d1471e0e3f6438ad719f2673ee20d4aa9d912f4c10,6186172327078fc1,F:\Work\VSCode\Projects\DATASET\dataset_defects\images\train_missing_tooth\train_257.jpg,F:\Work\VSCode\Projects\DATASET\dataset_defects\annotations\train_missing_tooth\train_257.xml
train_258,train,train,1,oblique,4,0,0,0,432,295,7a84ae85162a679f9c49b6c8ad4c29ad89a2c20f473cb0649c94d1a7f6dda74b,618e172313078fe1,F:\Work\VSCode\Projects\DATASET\dataset_defects\images\train_missing_tooth\train_258.jpg,F:\Work\VSCode\Projects\DATASET\dataset_defects\annotations\train_missing_tooth\train_258.xml
train_259,train,val,1,oblique,4,0,0,0,375,145,ce331283a4a1d3b87ca288202b7a147666aacf0cb0dc770c2e2adf4fc8cac07d,0107334b07078f03,F:\Work\VSCode\Projects\DATASET\dataset_defects\images\train_missing_tooth\train_259.jpg,F:\Work\VSCode\Projects\DATASET\dataset_defects\annotations\train_missing_tooth\train_259.xml
train_260,train,train,1,oblique,3,0,0,0,398,157,1b1f0544126290b615617b4474d3bce952f5aba81af011d4644238ccb9892bfe,4016373313070707,F:\Work\VSCode\Projects\DATASET\dataset_defects\images\train_missing_tooth\train_260.jpg,F:\Work\VSCode\Projects\DATASET\dataset_defects\annotations\train_missing_tooth\train_260.xml
train_261,train,val,1,oblique,3,0,0,0,417,162,d5993dcc5253b2fcaf82ca57a2a3f50f47a9849847aa68d81c026854032cbce8,c01e270307078703,F:\Work\VSCode\Projects\DATASET\dataset_defects\images\train_missing_tooth\train_261.jpg,F:\Work\VSCode\Projects\DATASET\dataset_defects\annotations\train_missing_tooth\train_261.xml
train_262,train,train,0,,0,0,0,0,361,371,c68872c152a1572c27493c7e63c2463a372c17ede2893e41cc2ee7da936007a1,220f1b0d0b078741,F:\Work\VSCode\Projects\DATASET\dataset_defects\images\train_missing_tooth\train_262.jpg,
train_263,train,train,0,,0,0,0,0,417,422,04f9b536ff58483d05f5ea69a7d2a5798c63e86196f66e86ef19c43324be9419,200f070b0b0f8f60,F:\Work\VSCode\Projects\DATASET\dataset_defects\images\train_missing_tooth\train_263.jpg,
train_264,train,train,0,,0,0,0,0,406,290,3d4622c26458eabf09cca2443733a0d6b38ffe0d49ef5d86c27da9d8fd210987,618e1f23070787e3,F:\Work\VSCode\Projects\DATASET\dataset_defects\images\train_missing_tooth\train_264.jpg,
train_265,train,train,0,,0,0,0,0,403,297,87e63aecaf1a1373df825355233610977180d8ff6335c3a10a984a56159b7245,618e172307078fe1,F:\Work\VSCode\Projects\DATASET\dataset_defects\images\train_missing_tooth\train_265.jpg,
train_266,train,train,0,,0,0,0,0,407,312,5b8d4777730f91eb41152f6d394f8cb7e44b0f3c7146d5dc7f9e447a61bcbbcf,718e1f2307078fe1,F:\Work\VSCode\Projects\DATASET\dataset_defects\images\train_missing_tooth\train_266.jpg,
train_267,train,train,0,,0,0,0,0,413,313,db78ae7c164aaa58c95806dff4804170b4bbdd90e3a040e63ca2a81d30ba9b67,618e172307078fc1,F:\Work\VSCode\Projects\DATASET\dataset_defects\images\train_missing_tooth\train_267.jpg,
train_268,train,train,0,,0,0,0,0,424,323,ed322dc26b069ea7c2a0670abb47caa143714676e57c266451a84a35489b038e,318e1f23070787e1,F:\Work\VSCode\Projects\DATASET\dataset_defects\images\train_missing_tooth\train_268.jpg,
train_269,train,train,0,,0,0,0,0,413,166,ef3bfdd51fa0ed9bf0b9bc2ba9239aa474b8b19025c2fcb635188eab82344241,0117331713130703,F:\Work\VSCode\Projects\DATASET\dataset_defects\images\train_missing_tooth\train_269.jpg,
train_270,train,train,0,,0,0,0,0,432,173,d2eef28785b5cf6b0d063390d3e1fe945402ed3da92639e08960719846aa2c41,401e37030b0b8703,F:\Work\VSCode\Projects\DATASET\dataset_defects\images\train_missing_tooth\train_270.jpg,
train_271,train,train,0,,0,0,0,0,392,415,4faf0fa41de134928c3492a561640d3cccfbed2453a1fe32b3147a1d370b55fe,600f17090f078760,F:\Work\VSCode\Projects\DATASET\dataset_defects\images\train_missing_tooth\train_271.jpg,
train_272,train,val,0,,0,0,0,0,465,468,e61db58b89815be56c11fb27d77078fc8b99d49f5960f602d276a2b999252a36,000f0f0d0d0f8f60,F:\Work\VSCode\Projects\DATASET\dataset_defects\images\train_missing_tooth\train_272.jpg,
train_273,train,train,0,,0,0,0,0,434,290,6045796cbb6ad24fa17ccbc9e1d97df37d05a3201042bbb7c08aa37788210123,418e1723070787e3,F:\Work\VSCode\Projects\DATASET\dataset_defects\images\train_missing_tooth\train_273.jpg,
train_274,train,train,0,,0,0,0,0,447,300,9d66e0403d29a7b4607edaa1e28717fbc0dfda2deb5af83cc9c80d6567cc6cd1,638e172307078763,F:\Work\VSCode\Projects\DATASET\dataset_defects\images\train_missing_tooth\train_274.jpg,
train_275,train,train,0,,0,0,0,0,453,303,e4b23fe2d3b95afee8c1e4aa1383d702b784ffd0bce1b49417707c67c0f9c54e,618e17230f078fe1,F:\Work\VSCode\Projects\DATASET\dataset_defects\images\train_missing_tooth\train_275.jpg,
train_276,train,train,0,,0,0,0,0,458,318,c59ef89b808f5c327c1bdcafc1457470c6e40643feaa71e7d2242b1dd738abec,618e172317078fe1,F:\Work\VSCode\Projects\DATASET\dataset_defects\images\train_missing_tooth\train_276.jpg,
train_277,train,train,0,,0,0,0,0,428,290,56a34b50fded30dfe3d215744d18894663ce117afa6560d30127e3232c6e5cfd,618e1723070787c3,F:\Work\VSCode\Projects\DATASET\dataset_defects\images\train_missing_tooth\train_277.jpg,
train_278,train,val,0,,0,0,0,0,435,173,8009fde2f308feeb43bc93d0abf3d15fa839fc1ae88ef2bc83447ebfba2b5a1c,d31f370303078703,F:\Work\VSCode\Projects\DATASET\dataset_defects\images\train_missing_tooth\train_278.jpg,
train_279,train,train,0,,0,0,0,0,447,177,540ed43c5d27ae7a186ef7d1eaea3d5d4d11d6f20a3e0a7ee17908378916d423,c91e270b13078703,F:\Work\VSCode\Projects\DATASET\dataset_defects\images\train_missing_tooth\train_279.jpg,
train_280,train,train,0,,0,0,0,0,432,173,bac7ff23e7b143426cb00eb4edbf27fc31c49cc987a6b88d1fbc69683ee004fd,c11f371303178703,F:\Work\VSCode\Projects\DATASET\dataset_defects\images\train_missing_tooth\train_280.jpg,
train_281,train,train,0,,0,0,0,0,418,430,06d3db819ca2ff529772b8b853a92d92fc9775f6d80cba54ecd49d042a5eec53,200f0f0d0b078740,F:\Work\VSCode\Projects\DATASET\dataset_defects\images\train_missing_tooth\train_281.jpg,
train_282,train,train,0,,0,0,0,0,410,421,4500541cf6315e78051cddb2e99d834e7593cac0eb72b5b10641b488567e92c1,208f1f2d09078760,F:\Work\VSCode\Projects\DATASET\dataset_defects\images\train_missing_tooth\train_282.jpg,
train_283,train,train,0,,0,0,0,0,414,276,52dddc4e39c1dfdc66517456be845aae044d9b1dea91c074921d035c7a5c454c,608e1f270f0787c1,F:\Work\VSCode\Projects\DATASET\dataset_defects\images\train_missing_tooth\train_283.jpg,
train_284,train,train,0,,0,0,0,0,426,290,0eb32474f6313a89f7526f2cf9d3c0b0f07cf8fedaed2a7b8c6fc6b4f1051433,618e172313178fc1,F:\Work\VSCode\Projects\DATASET\dataset_defects\images\train_missing_tooth\train_284.jpg,
train_285,train,train,0,,0,0,0,0,425,284,86c5f1dcc23018f1cf8ea1ef469160966ab8472dc8f3683de9b009d4cfc5e4c3,618e1b2327178fc1,F:\Work\VSCode\Projects\DATASET\dataset_defects\images\train_missing_tooth\train_285.jpg,
train_286,train,train,0,,0,0,0,0,422,288,ccda15e9582bdde81c720a50a6c5dd48b99d7193034795b4debb8293d41eb11e,618e1f2313078761,F:\Work\VSCode\Projects\DATASET\dataset_defects\images\train_missing_tooth\train_286.jpg,
train_287,train,train,0,,0,0,0,0,411,278,9e2b3552b60ee27758fff160170905d4331cdd6b89689bef4ebbec15cb5dffe9,61961f030b0787e1,F:\Work\VSCode\Projects\DATASET\dataset_defects\images\train_missing_tooth\train_287.jpg,
train_288,train,val,0,,0,0,0,0,430,174,4ecf597b2c304cbde7de9da22b723a13cc4203d6ba60ff04462430ce4bb74416,d91e271307078703,F:\Work\VSCode\Projects\DATASET\dataset_defects\images\train_missing_tooth\train_288.jpg,
train_289,train,val,0,,0,0,0,0,471,183,e4d673a52fdb60b064f2db7bab8923de111c339f76355033c5baad06ba2fa53c,c91f370307078703,F:\Work\VSCode\Projects\DATASET\dataset_defects\images\train_missing_tooth\train_289.jpg,
train_290,train,val,0,,0,0,0,0,478,185,12a725a6ad53c14d11701f6d48844c500aac863008521c4a6516750353ddfe4f,d81e271307070703,F:\Work\VSCode\Projects\DATASET\dataset_defects\images\train_missing_tooth\train_290.jpg,
train_291,train,train,0,,0,0,0,0,644,646,d1c0f377c1998405b934da67fa9cc9434696cb77ae5bf2138dad4355054078c1,200f172b23078f61,F:\Work\VSCode\Projects\DATASET\dataset_defects\images\train_missing_tooth\train_291.jpg,
train_292,train,train,0,,0,0,0,0,656,643,5a65931bce7fd9fddd68b665d81fc9e01b02a7b83474afb97cbc83ea56d0923a,210e070f0b0f0600,F:\Work\VSCode\Projects\DATASET\dataset_defects\images\train_missing_tooth\train_292.jpg,
train_293,train,train,1,side,2,0,0,0,662,607,0d88a70db9e522be0304bf51e85fc4d71af7dd5e84c7d3c0191cdbca4c203796,600d8e230f0f8fc9,F:\Work\VSCode\Projects\DATASET\dataset_defects\images\train_missing_tooth\train_293.jpg,F:\Work\VSCode\Projects\DATASET\dataset_defects\annotations\train_missing_tooth\train_293.xml
train_294,train,train,1,side,2,0,0,0,665,607,1080dcf12e8f8458da45145d531efb1ae5f9a05cc81cd0ee01cf8b1c0f98f692,608c8e230f078761,F:\Work\VSCode\Projects\DATASET\dataset_defects\images\train_missing_tooth\train_294.jpg,F:\Work\VSCode\Projects\DATASET\dataset_defects\annotations\train_missing_tooth\train_294.xml
train_295,train,train,1,side,3,0,0,0,684,625,274e626a761e584403f123908ed73fc8417d6fb72922136062bc75ebe0f1abdf,608c8e230f1f8f69,F:\Work\VSCode\Projects\DATASET\dataset_defects\images\train_missing_tooth\train_295.jpg,F:\Work\VSCode\Projects\DATASET\dataset_defects\annotations\train_missing_tooth\train_295.xml
train_296,train,train,1,side,4,0,0,0,682,625,8a64d77fc5d8ba531a929d8634c605824591663b7ba990d81ef88b233b88e3b5,608c8e230f078f61,F:\Work\VSCode\Projects\DATASET\dataset_defects\images\train_missing_tooth\train_296.jpg,F:\Work\VSCode\Projects\DATASET\dataset_defects\annotations\train_missing_tooth\train_296.xml
train_297,train,val,1,side,2,0,0,0,655,607,378e318524c807a30a975de8e59e86a79b707bf3061198a8ea872cec7c8dee39,608d8f230f178fe0,F:\Work\VSCode\Projects\DATASET\dataset_defects\images\train_missing_tooth\train_297.jpg,F:\Work\VSCode\Projects\DATASET\dataset_defects\annotations\train_missing_tooth\train_297.xml
train_298,train,train,1,side,3,0,0,0,687,478,dfd21dfdcf5cb7573c47d7937dd629da28cde05e8bbc8d6517ebccc7a6c9290e,3006ce0f03030fc3,F:\Work\VSCode\Projects\DATASET\dataset_defects\images\train_missing_tooth\train_298.jpg,F:\Work\VSCode\Projects\DATASET\dataset_defects\annotations\train_missing_tooth\train_298.xml
train_299,train,train,1,side,4,0,0,0,692,492,bc66c4081fb594c2741b74f376298a5a33c7af71e09cfa2e741fbb5574b07154,2006ce0f030307c3,F:\Work\VSCode\Projects\DATASET\dataset_defects\images\train_missing_tooth\train_299.jpg,F:\Work\VSCode\Projects\DATASET\dataset_defects\annotations\train_missing_tooth\train_299.xml
train_300,train,train,1,side,4,0,0,0,713,498,539d8b2302aea5943c41e15ddee7e9ab6cbca0c8655eb837838925daebbe62bd,200ece0f0b130fc3,F:\Work\VSCode\Projects\DATASET\dataset_defects\images\train_missing_tooth\train_300.jpg,F:\Work\VSCode\Projects\DATASET\dataset_defects\annotations\train_missing_tooth\train_300.xml
train_301,train,train,0,,0,0,0,0,468,478,5031651fb5f7ea8123287155e6379713dffbd7ef7ba718b1f4b86cb8a7b86c36,608f130d09078760,F:\Work\VSCode\Projects\DATASET\dataset_defects\images\train_missing_tooth\train_301.jpg,
train_302,train,train,0,,0,0,0,0,478,495,d65c70af01f2c76f06c2494ca1adfc8d97688ba96c07c4790170a1316b20f3d1,200f0f0d09038760,F:\Work\VSCode\Projects\DATASET\dataset_defects\images\train_missing_tooth\train_302.jpg,
train_303,train,train,1,oblique,4,0,0,0,436,259,8015f423995b8c93ad339853ec71f06a91fb1c3aee43d0b259f6eb017bf7ccf1,409e3723131787e1,F:\Work\VSCode\Projects\DATASET\dataset_defects\images\train_missing_tooth\train_303.jpg,F:\Work\VSCode\Projects\DATASET\dataset_defects\annotations\train_missing_tooth\train_303.xml
train_304,train,train,1,oblique,6,0,0,0,443,283,626245ac624809a7e1392ecaeb76c8fa39b285d59597c6d204c9bee9cecf564c,608e1323070787e1,F:\Work\VSCode\Projects\DATASET\dataset_defects\images\train_missing_tooth\train_304.jpg,F:\Work\VSCode\Projects\DATASET\dataset_defects\annotations\train_missing_tooth\train_304.xml
train_305,train,train,1,oblique,4,0,0,0,460,295,c6d457dbaae48896b8a624915d653e50c5e3396e4cbc6f15d2fce4b87c38f871,618e1f2327138fe1,F:\Work\VSCode\Projects\DATASET\dataset_defects\images\train_missing_tooth\train_305.jpg,F:\Work\VSCode\Projects\DATASET\dataset_defects\annotations\train_missing_tooth\train_305.xml
train_306,train,train,1,oblique,4,0,0,0,454,288,5e86c89265c6a4f9eed61d6cbba82dba374eb4908a3b120dfe848a90d3446784,618e1f23070787e1,F:\Work\VSCode\Projects\DATASET\dataset_defects\images\train_missing_tooth\train_306.jpg,F:\Work\VSCode\Projects\DATASET\dataset_defects\annotations\train_missing_tooth\train_306.xml
train_307,train,train,0,,0,0,0,0,463,293,de6936bf79ea7b30716511cae2072b32553a3948a7e90de281d1f5d79f23baef,608e1f23170787c1,F:\Work\VSCode\Projects\DATASET\dataset_defects\images\train_missing_tooth\train_307.jpg,
train_308,train,train,0,,0,0,0,0,415,159,bc781cdbdd89c39346a614396e6e842fda7110bb1a1770914626428e8f0c3f2b,0007232707070f8f,F:\Work\VSCode\Projects\DATASET\dataset_defects\images\train_missing_tooth\train_308.jpg,
train_309,train,train,0,,0,0,0,0,424,169,fce5e8fd5811f4b765dd3cc0f7d2d0f8c53aa483ec61c8bfdd589ad17183d655,401e370303070f03,F:\Work\VSCode\Projects\DATASET\dataset_defects\images\train_missing_tooth\train_309.jpg,
train_310,train,val,1,oblique,4,0,0,0,427,172,e7de17ba9b2ecd85069dc7fcacb022189c097aeb8daf20828af2227c7e3d7a34,401e273313078703,F:\Work\VSCode\Projects\DATASET\dataset_defects\images\train_missing_tooth\train_310.jpg,F:\Work\VSCode\Projects\DATASET\dataset_defects\annotations\train_missing_tooth\train_310.xml
train_311,train,val,0,,0,0,0,0,387,385,475dbde19598a467bf53da1474494a6a937f460b6c854c7621dbd135d16a3763,000f0f0d8b078700,F:\Work\VSCode\Projects\DATASET\dataset_defects\images\train_missing_tooth\train_311.jpg,
train_312,train,train,0,,0,0,0,0,522,523,c0ae416c2f1351d8f773619e64f87694801f2b5d4a484e6f78662a771495c993,230f070f0b0f8f60,F:\Work\VSCode\Projects\DATASET\dataset_defects\images\train_missing_tooth\train_312.jpg,
train_313,train,train,1,oblique,3,0,0,0,463,229,75ca97db335f3d5067ad3e200e85c5db999c61d26eda85fbc107e29e49442601,401e37030f0787c3,F:\Work\VSCode\Projects\DATASET\dataset_defects\images\train_missing_tooth\train_313.jpg,F:\Work\VSCode\Projects\DATASET\dataset_defects\annotations\train_missing_tooth\train_313.xml
train_314,train,val,1,oblique,3,1,1,0,487,231,bec8c3dfd3f8fdcd80e0ffa046c92a8156ab0e640eba1278c34b88f822afe14b,608e33230b178fc3,F:\Work\VSCode\Projects\DATASET\dataset_defects\images\train_missing_tooth\train_314.jpg,F:\Work\VSCode\Projects\DATASET\dataset_defects\annotations\train_missing_tooth\train_314.xml
train_315,train,train,1,oblique,3,0,0,0,493,245,62971a95481327fb7e25a6f07c8b543b2e2b436eeb3d48bce483f6613b769c29,481e3723371787c1,F:\Work\VSCode\Projects\DATASET\dataset_defects\images\train_missing_tooth\train_315.jpg,F:\Work\VSCode\Projects\DATASET\dataset_defects\annotations\train_missing_tooth\train_315.xml
train_316,train,train,1,oblique,4,0,0,0,505,255,161aa31a803c8056976f5492c0b71120b6d6230cd37a737ad88cfb9b4e4e1653,600e37230f178fc1,F:\Work\VSCode\Projects\DATASET\dataset_defects\images\train_missing_tooth\train_316.jpg,F:\Work\VSCode\Projects\DATASET\dataset_defects\annotations\train_missing_tooth\train_316.xml
train_317,train,train,1,oblique,3,0,0,0,506,252,510edb7b9a6defa762db36d9fffe529648ac72f61b725363e1502b814a89d35d,608e33230b1387c1,F:\Work\VSCode\Projects\DATASET\dataset_defects\images\train_missing_tooth\train_317.jpg,F:\Work\VSCode\Projects\DATASET\dataset_defects\annotations\train_missing_tooth\train_317.xml
train_318,train,train,1,bottom+oblique,5,0,0,0,484,164,694ece5ba2abfa354033253b5ee152d8308417948325f0abbb1766990b466afc,c807270b03038707,F:\Work\VSCode\Projects\DATASET\dataset_defects\images\train_missing_tooth\train_318.jpg,F:\Work\VSCode\Projects\DATASET\dataset_defects\annotations\train_missing_tooth\train_318.xml
train_319,train,train,1,bottom+oblique,6,0,0,0,497,181,379e4b4425ce8e290189e4246fa23a667f3e52ae35c7337ad4b8ea62981c81df,c03e273313030723,F:\Work\VSCode\Projects\DATASET\dataset_defects\images\train_missing_tooth\train_319.jpg,F:\Work\VSCode\Projects\DATASET\dataset_defects\annotations\train_missing_tooth\train_319.xml
train_320,train,train,1,bottom+oblique,5,0,0,0,507,177,f4a1e082db988f1d91b79a41a616178fae3b1df4991a548c7eefc49ad12bb2f8,d03f071303138703,F:\Work\VSCode\Projects\DATASET\dataset_defects\images\train_missing_tooth\train_320.jpg,F:\Work\VSCode\Projects\DATASET\dataset_defects\annotations\train_missing_tooth\train_320.xml
train_321,train,train,0,,0,0,0,0,415,420,6f605f928d245ff31dbd972e1b5d1ebb3dc24787c366d0f4dc83320299018480,608f0f0d0b078762,F:\Work\VSCode\Projects\DATASET\dataset_defects\images\train_missing_tooth\train_321.jpg,
train_322,train,train,0,,0,0,0,0,431,447,8e6c89c7d3330b87bd84a6a3324a934fdc0582d4c2dcaca64a08cab8a00967cb,208f1f0d0b078740,F:\Work\VSCode\Projects\DATASET\dataset_defects\images\train_missing_tooth\train_322.jpg,
train_323,train,train,0,,0,0,0,0,452,308,4fb4b8de140802361b00490f1dce052050e546db62b002cf58454d354db5d86b,618e172307078fc1,F:\Work\VSCode\Projects\DATASET\dataset_defects\images\train_missing_tooth\train_323.jpg,
train_324,train,train,0,,0,0,0,0,468,302,3605f8d3b9fc5aa4a1e9a1167dc60a1f03bf1c535f37dc3320d013bd45dc2697,618e1723070787c1,F:\Work\VSCode\Projects\DATASET\dataset_defects\images\train_missing_tooth\train_324.jpg,
train_325,train,train,0,,0,0,0,0,477,311,e0b4f5533681c1741daa4d70ca9ed706e55c9c39da0030cc17cc6f7d19ba3b7f,618e172307178fc1,F:\Work\VSCode\Projects\DATASET\dataset_defects\images\train_missing_tooth\train_325.jpg,
train_326,train,train,0,,0,0,0,0,471,307,f82db1487513d01f1403b3aac08b3b62c6ca8595c85e319f39b2e5e198df33a3,618e172307078fc1,F:\Work\VSCode\Projects\DATASET\dataset_defects\images\train_missing_tooth\train_326.jpg,
train_327,train,train,0,,0,0,0,0,473,312,ea28f98a1eebac02ffdf8449d44743d1ec594521449b10dfb528e444aac03da3,618e1723070787c1,F:\Work\VSCode\Projects\DATASET\dataset_defects\images\train_missing_tooth\train_327.jpg,
train_328,train,train,0,,0,0,0,0,470,177,a7a6bb3415de1919610803086252c2819de71d46cc7c4a656835e3b4ea316d29,0016370703078f03,F:\Work\VSCode\Projects\DATASET\dataset_defects\images\train_missing_tooth\train_328.jpg,
train_329,train,val,0,,0,0,0,0,475,178,e15a99fe93e61c167b4a6aa2accef5c01419aba95fbc4ce43ba8db2245810633,c01e370707138703,F:\Work\VSCode\Projects\DATASET\dataset_defects\images\train_missing_tooth\train_329.jpg,
train_330,train,val,0,,0,0,0,0,474,178,e6443bb182ebe9336812fd48706a39136ee45ae21329108ddbe2377c59e07a81,401e370b03078703,F:\Work\VSCode\Projects\DATASET\dataset_defects\images\train_missing_tooth\train_330.jpg,
train_331,train,train,0,,0,0,0,0,395,401,bd1114b75ca2b9f841d46374c52bba66623e1da55df3e128694ee09b64355edc,200f070b090d8f40,F:\Work\VSCode\Projects\DATASET\dataset_defects\images\train_missing_tooth\train_331.jpg,
train_332,train,train,0,,0,0,0,0,450,474,c70e68ae7a48ae5b80f840381967f9d4878b56d13133cdbcde8454775491382a,200f1f0d0b078760,F:\Work\VSCode\Projects\DATASET\dataset_defects\images\train_missing_tooth\train_332.jpg,
train_333,train,train,1,bottom,1,1,1,1,442,294,e68a6b435b5f78fa6fe15f43cf938197061f4c95bbda5ed65077d777e58a3ed4,618e1723071787c1,F:\Work\VSCode\Projects\DATASET\dataset_defects\images\train_missing_tooth\train_333.jpg,F:\Work\VSCode\Projects\DATASET\dataset_defects\annotations\train_missing_tooth\train_333.xml
train_334,train,train,1,bottom,1,1,1,1,447,295,3d557a06feb83734d65cd6a14a599ec6c8688e3b5308dc48e03e53d87a1f219d,618e1723071f8fc1,F:\Work\VSCode\Projects\DATASET\dataset_defects\images\train_missing_tooth\train_334.jpg,F:\Work\VSCode\Projects\DATASET\dataset_defects\annotations\train_missing_tooth\train_334.xml
train_335,train,train,1,bottom,2,0,0,0,464,312,a7aea394daa7d109abfd03f99f09edfa41655e8d05e2b0d70fea93cad240b22c,618e172307078fc1,F:\Work\VSCode\Projects\DATASET\dataset_defects\images\train_missing_tooth\train_335.jpg,F:\Work\VSCode\Projects\DATASET\dataset_defects\annotations\train_missing_tooth\train_335.xml
train_336,train,train,1,bottom,2,1,1,0,481,344,eed70347a8621c5c10f67f35a323657df75157667083d5897933b313e8defe92,718e1723070787c1,F:\Work\VSCode\Projects\DATASET\dataset_defects\images\train_missing_tooth\train_336.jpg,F:\Work\VSCode\Projects\DATASET\dataset_defects\annotations\train_missing_tooth\train_336.xml
train_337,train,train,1,oblique,3,1,1,0,493,347,b11b738e1bbf8882cd94181c04f903018b677854b25adf4bd9b3b6c2df999fe1,618e172307078fc1,F:\Work\VSCode\Projects\DATASET\dataset_defects\images\train_missing_tooth\train_337.jpg,F:\Work\VSCode\Projects\DATASET\dataset_defects\annotations\train_missing_tooth\train_337.xml
train_338,train,val,1,oblique,4,0,0,0,468,196,7235d928ec9aa9b9d0434ad7051e0e4d1b692b5a7fe8956ebb318156bf257e68,218e370f0f078f83,F:\Work\VSCode\Projects\DATASET\dataset_defects\images\train_missing_tooth\train_338.jpg,F:\Work\VSCode\Projects\DATASET\dataset_defects\annotations\train_missing_tooth\train_338.xml
train_339,train,val,1,oblique,4,0,0,0,459,188,f585924574a1e20782bc89dd579d52577f097aec92746295813d29487dbc713c,411e372727138703,F:\Work\VSCode\Projects\DATASET\dataset_defects\images\train_missing_tooth\train_339.jpg,F:\Work\VSCode\Projects\DATASET\dataset_defects\annotations\train_missing_tooth\train_339.xml
train_340,train,val,1,bottom+oblique,7,0,0,0,458,188,907a900b45a810efa025c4d0303bcdc10ff1019a8074aa6ff9fe875214b9beac,c11e170307178703,F:\Work\VSCode\Projects\DATASET\dataset_defects\images\train_missing_tooth\train_340.jpg,F:\Work\VSCode\Projects\DATASET\dataset_defects\annotations\train_missing_tooth\train_340.xml
train_341,train,val,1,bottom,3,0,0,0,459,190,994775566a3f3889a8edd19e0805eb6ca016518bb1163c39999b3bf2fd9a0f79,411e370313078743,F:\Work\VSCode\Projects\DATASET\dataset_defects\images\train_missing_tooth\train_341.jpg,F:\Work\VSCode\Projects\DATASET\dataset_defects\annotations\train_missing_tooth\train_341.xml
train_342,train,train,0,,0,0,0,0,460,465,9d1ae1e37d9a36cc7f2419531f0a2d621dc0108351f34b48135194715c4e5cea,608f070f0b078762,F:\Work\VSCode\Projects\DATASET\dataset_defects\images\train_missing_tooth\train_342.jpg,
train_343,train,train,0,,0,0,0,0,456,474,8c1326b34ab1ba74b1e02d3308400b12b334e85d551e97283665577b3dc86c40,200f0f0d23078740,F:\Work\VSCode\Projects\DATASET\dataset_defects\images\train_missing_tooth\train_343.jpg,
train_344,train,train,0,,0,0,0,0,449,304,60d35d23d56ac2c9da45f36f66c6ed67643a7b68d6c608f87b82a719c267578d,698e132313178fe1,F:\Work\VSCode\Projects\DATASET\dataset_defects\images\train_missing_tooth\train_344.jpg,
train_345,train,train,0,,0,0,0,0,459,321,670cd7c9e558b28a7404f0083960a5f594b6a331bebf6eaaf0779a43125323e3,208e13332b078fc1,F:\Work\VSCode\Projects\DATASET\dataset_defects\images\train_missing_tooth\train_345.jpg,
train_346,train,train,0,,0,0,0,0,467,320,5930ed99e59b6893548bf7d0c6461cd632566f0529db453aee5bd64490396d9f,608e1b2317178fc1,F:\Work\VSCode\Projects\DATASET\dataset_defects\images\train_missing_tooth\train_346.jpg,
train_347,train,train,0,,0,0,0,0,444,305,9b9bbbcfe33b712127dea946dc97f078fbeaa1dd8d689ba2017da3a22e6f7c90,618e172317178fc1,F:\Work\VSCode\Projects\DATASET\dataset_defects\images\train_missing_tooth\train_347.jpg,
train_348,train,train,0,,0,0,0,0,446,296,db46ffc250c83d0d098413ef49471f4e553624cf55bc9d8e514156eec56aae90,618e1323070787c1,F:\Work\VSCode\Projects\DATASET\dataset_defects\images\train_missing_tooth\train_348.jpg,
train_349,train,train,0,,0,0,0,0,448,163,02f97fa068087ab2c7715c7e41ba1774659f22e0adbf820128ed6e57a17e63ff,0107270303070f8f,F:\Work\VSCode\Projects\DATASET\dataset_defects\images\train_missing_tooth\train_349.jpg,
train_350,train,train,0,,0,0,0,0,442,171,01b7a95a1c3b0866266ecbf5b35b8e876d2e69fe787a63d8615a1ee383f4a3e1,410f270f07070f07,F:\Work\VSCode\Projects\DATASET\dataset_defects\images\train_missing_tooth\train_350.jpg,
train_351,train,train,0,,0,0,0,0,438,169,9010168a3fa19e4d74ef84a42377a71327dbebd0b7675bd7ffbbb22c8e3438aa,0117331b03070f0b,F:\Work\VSCode\Projects\DATASET\dataset_defects\images\train_missing_tooth\train_351.jpg,
train_352,train,train,0,,0,0,0,0,355,359,c0ae61a7cdbee1d663a7da23bdafc8f21f463fb4fdf4879825422b164f451824,6687130d09078740,F:\Work\VSCode\Projects\DATASET\dataset_defects\images\train_missing_tooth\train_352.jpg,
train_353,train,train,0,,0,0,0,0,439,456,daee378b6771e6eaff13589ddc4e8cbdd9e2b3146c3dcc1fcba86da7edeb4d14,208f0f0d0f078702,F:\Work\VSCode\Projects\DATASET\dataset_defects\images\train_missing_tooth\train_353.jpg,
train_354,train,train,0,,0,0,0,0,439,257,5d48eeea901c1bbbf3bb77075a01ea9b32fc177ef1efddb02210d63b1900ce24,608e1f27370f87c3,F:\Work\VSCode\Projects\DATASET\dataset_defects\images\train_missing_tooth\train_354.jpg,
train_355,train,train,0,,0,0,0,0,432,270,f175ebc9b5b7eaffc12bc0453269ea1ae975cd8389aedd48ac9636d137287797,618e172307078fc1,F:\Work\VSCode\Projects\DATASET\dataset_defects\images\train_missing_tooth\train_355.jpg,
train_356,train,train,0,,0,0,0,0,441,279,66e409a8ef0b9db5044ca2df2bbd8c6add0ac0799a707e02f896f07dc79f7f2a,608e1733170787c1,F:\Work\VSCode\Projects\DATASET\dataset_defects\images\train_missing_tooth\train_356.jpg,
train_357,train,train,0,,0,0,0,0,461,301,1a2f0de574cdac0b61d233dd13d689cfdada695ea8f9c871d7d94f04cd2b4acb,698e132317078fc1,F:\Work\VSCode\Projects\DATASET\dataset_defects\images\train_missing_tooth\train_357.jpg,
train_358,train,train,0,,0,0,0,0,468,308,a753dc60ed85accdb455cf915cff34bc5ebe313137cb06980728630c51b3d3fd,618e172307078fc1,F:\Work\VSCode\Projects\DATASET\dataset_defects\images\train_missing_tooth\train_358.jpg,
train_359,train,val,0,,0,0,0,0,464,158,e24b044636578ddef09b0fedfaec22754b72a6db9af0649e4b21909c88674bad,c0172713030b8703,F:\Work\VSCode\Projects\DATASET\dataset_defects\images\train_missing_tooth\train_359.jpg,
train_360,train,train,0,,0,0,0,0,455,155,76c1616401b6dbf7dfc966dd48001b812e2ce096afe3e785dbd32273f1f3d79b,c016270b03078703,F:\Work\VSCode\Projects\DATASET\dataset_defects\images\train_missing_tooth\train_360.jpg,
train_361,train,train,0,,0,0,0,0,477,162,2bc64726d897fa55157d41bd19ad291ce5f7e416cc57cb8aedf6b452d1b4795e,c01e330b03038703,F:\Work\VSCode\Projects\DATASET\dataset_defects\images\train_missing_tooth\train_361.jpg,
train_362,train,train,0,,0,0,0,0,505,521,99f6e82d40bc139906a56f39e2aa201b419d193b843e8f21c8ed5cb2cbec7391,608f0f0d0b078760,F:\Work\VSCode\Projects\DATASET\dataset_defects\images\train_missing_tooth\train_362.jpg,
train_363,train,train,0,,0,0,0,0,527,539,ce5a5567fe563d0349000392e79984e9277c0112c68d65c3512ecb32533fdcfd,608f1f290b078742,F:\Work\VSCode\Projects\DATASET\dataset_defects\images\train_missing_tooth\train_363.jpg,
train_364,train,train,1,oblique,3,0,0,0,420,289,52d760402fa8c5562306e1b90f6d1b817505af5a91d41c99fa692d2f86cfc958,618e172307078f61,F:\Work\VSCode\Projects\DATASET\dataset_defects\images\train_missing_tooth\train_364.jpg,F:\Work\VSCode\Projects\DATASET\dataset_defects\annotations\train_missing_tooth\train_364.xml
train_365,train,train,1,oblique,4,0,0,0,422,293,8c0a80a6b097a6038b1d8b9ff7fff073a4ae74eb61ab7cf72495a1b2fbec8428,618e1f2327078fe3,F:\Work\VSCode\Projects\DATASET\dataset_defects\images\train_missing_tooth\train_365.jpg,F:\Work\VSCode\Projects\DATASET\dataset_defects\annotations\train_missing_tooth\train_365.xml
train_366,train,train,1,bottom+oblique,7,0,0,0,427,297,c407d8a6b0351ff7d130e76e1cc93ec2b3f2f6d99eed5dc11e7566558878af68,618e1f23070f8fe1,F:\Work\VSCode\Projects\DATASET\dataset_defects\images\train_missing_tooth\train_366.jpg,F:\Work\VSCode\Projects\DATASET\dataset_defects\annotations\train_missing_tooth\train_366.xml
train_367,train,train,1,bottom,2,0,0,0,421,303,42c3606c886d3e675ee93d3e2bb1b99bc43cba93ebcf3f9df75e36f7062ae291,608e172337078fe1,F:\Work\VSCode\Projects\DATASET\dataset_defects\images\train_missing_tooth\train_367.jpg,F:\Work\VSCode\Projects\DATASET\dataset_defects\annotations\train_missing_tooth\train_367.xml
train_368,train,train,1,bottom,2,1,1,0,436,307,5247c8c31fe94167cdd9c9f5e54558a815d5cff41086483185078045fb077c46,618e1f2303078fc1,F:\Work\VSCode\Projects\DATASET\dataset_defects\images\train_missing_tooth\train_368.jpg,F:\Work\VSCode\Projects\DATASET\dataset_defects\annotations\train_missing_tooth\train_368.xml
train_369,train,val,1,bottom,3,0,0,0,451,181,3532b1e1177f2c717c33560517584ddbae04a575083f56f504852ee97a255f03,c11e270307078703,F:\Work\VSCode\Projects\DATASET\dataset_defects\images\train_missing_tooth\train_369.jpg,F:\Work\VSCode\Projects\DATASET\dataset_defects\annotations\train_missing_tooth\train_369.xml
train_370,train,val,1,bottom,2,0,0,0,445,186,e500117e5c81b6955b69e18fa7dcdbc4134557b381b9f4ef0d58c6925bed4e95,db3e270307038723,F:\Work\VSCode\Projects\DATASET\dataset_defects\images\train_missing_tooth\train_370.jpg,F:\Work\VSCode\Projects\DATASET\dataset_defects\annotations\train_missing_tooth\train_370.xml
train_371,train,train,0,,0,0,0,0,413,428,87ed1e18351a3bc332d12644101e7ce57fc190a9f29106ab2caeb0416103401b,208f0f0d0d0b8361,F:\Work\VSCode\Projects\DATASET\dataset_defects\images\train_missing_tooth\train_371.jpg,
train_372,train,train,0,,0,0,0,0,487,493,a2a80b822e8e52813112080f427c850ad77b0915945c91fde9a0ae1259d55b2f,200f0f0d0d078762,F:\Work\VSCode\Projects\DATASET\dataset_defects\images\train_missing_tooth\train_372.jpg,
train_373,train,train,0,,0,0,0,0,489,375,f358fa7298f34e6b99768ec46607691b3c221bc640f851235a073485c388b6c4,618e1f2307078761,F:\Work\VSCode\Projects\DATASET\dataset_defects\images\train_missing_tooth\train_373.jpg,
train_374,train,train,0,,0,0,0,0,476,368,812dafd7e5f4a98527e65a42fad5b63ba127936aac2f3116144498e68de37ce0,618e1f23330787e1,F:\Work\VSCode\Projects\DATASET\dataset_defects\images\train_missing_tooth\train_374.jpg,
train_375,train,train,0,,0,0,0,0,497,391,c744545559bda9138149485c3667d5ad044963c3a10514cf73f9310691d76d02,618e1f23230787c3,F:\Work\VSCode\Projects\DATASET\dataset_defects\images\train_missing_tooth\train_375.jpg,
train_376,train,train,0,,0,0,0,0,500,407,febcb40823211ec3d8e3fad550d48484561cd5f0ad2c8bf18508b561cdc768f7,608e1723270787e1,F:\Work\VSCode\Projects\DATASET\dataset_defects\images\train_missing_tooth\train_376.jpg,
train_377,train,train,0,,0,0,0,0,520,420,629c6981d1c5f50119cf769ac9b66660531e275ff04bad0a546183c82cbd44d3,688e1b2b270787e3,F:\Work\VSCode\Projects\DATASET\dataset_defects\images\train_missing_tooth\train_377.jpg,
train_378,train,train,0,,0,0,0,0,459,176,b1886be26dd65541a46bb353e6d1ebce59c0e69acf70fdbc7e74f45c3bbfa48c,0117370703030f87,F:\Work\VSCode\Projects\DATASET\dataset_defects\images\train_missing_tooth\train_378.jpg,
train_379,train,val,0,,0,0,0,0,480,191,32d9cba7a63688e5ec2acabd41a43da6ac191a5d21cefaf80891d85b3a268111,611e370b07078703,F:\Work\VSCode\Projects\DATASET\dataset_defects\images\train_missing_tooth\train_379.jpg,
train_380,train,val,0,,0,0,0,0,459,185,5d5fac4ce223dc7f87c50f47178500fda62785767afcc99b8d15cc7ec7a4ca01,cb1f270303078703,F:\Work\VSCode\Projects\DATASET\dataset_defects\images\train_missing_tooth\train_380.jpg,
train_381,train,train,0,,0,0,0,0,477,481,2c80bcbcff92feb3f0de1ef1d28be72ce38b1c49978f786dbd9a48b5759fb908,208f0f2d0b0f8742,F:\Work\VSCode\Projects\DATASET\dataset_defects\images\train_missing_tooth\train_381.jpg,
train_382,train,train,0,,0,0,0,0,523,527,150359022bb4a8752a70fe598c913c6588d4f2cd75ba52600556f083744500e3,0007170b0b0b8740,F:\Work\VSCode\Projects\DATASET\dataset_defects\images\train_missing_tooth\train_382.jpg,
train_383,train,val,0,,0,0,0,0,468,304,3bfbad0cd9e500e87e801b861a9cb87097c3640d3893594c202bc53f41b299dc,608e1f371b078fc1,F:\Work\VSCode\Projects\DATASET\dataset_defects\images\train_missing_tooth\train_383.jpg,
train_384,train,train,0,,0,0,0,0,476,323,71dea493d36011524c4b99453898a4197cbfa031166eee5c640ffac8619a1d87,618e173307078fc1,F:\Work\VSCode\Projects\DATASET\dataset_defects\images\train_missing_tooth\train_384.jpg,
train_385,train,train,0,,0,0,0,0,492,341,97f174f16c9d0a1052d40b4393f3b86f968e551798771af996010a62569a0e2d,618e172307078fc1,F:\Work\VSCode\Projects\DATASET\dataset_defects\images\train_missing_tooth\train_385.jpg,
train_386,train,train,0,,0,0,0,0,480,330,44ff00ee93a958c41b50052da681731cdd0b6dc77625203d8f84423f592150b2,618e172307078fc1,F:\Work\VSCode\Projects\DATASET\dataset_defects\images\train_missing_tooth\train_386.jpg,
train_387,train,train,0,,0,0,0,0,467,315,f57ab6e9f9996ac3ecf6131806aaf01aa16cdee658704ccce9fe2e2ee4aba396,618e132717078fc1,F:\Work\VSCode\Projects\DATASET\dataset_defects\images\train_missing_tooth\train_387.jpg,
train_388,train,val,0,,0,0,0,0,445,176,99add9f8a70ae452f44b249c71843db7d535b69ccda581481683aff18b89c76f,c01e370303078703,F:\Work\VSCode\Projects\DATASET\dataset_defects\images\train_missing_tooth\train_388.jpg,
train_389,train,val,0,,0,0,0,0,450,175,76218cffdb1095b46668024f38aae9d6d16819bc77d4e5236633c6e0f5b1674f,401e270b07078703,F:\Work\VSCode\Projects\DATASET\dataset_defects\images\train_missing_tooth\train_389.jpg,
train_390,train,train,0,,0,0,0,0,444,184,056a2ba505cbf5a18f27d6d2e689758ab5ce628a46b9f030d545a50562b5ac2a,881e370b0b130703,F:\Work\VSCode\Projects\DATASET\dataset_defects\images\train_missing_tooth\train_390.jpg,
train_391,train,train,0,,0,0,0,0,476,490,aa6119242c9299ff789393281e32ac8c4373cfd1512fab3b3ee537cd60171bed,208f1b0d0f0787e0,F:\Work\VSCode\Projects\DATASET\dataset_defects\images\train_missing_tooth\train_391.jpg,
train_392,train,train,0,,0,0,0,0,605,598,ff5b876fa08cdd34791ec08f5ca66e7ed420b34861a203a1de91e81b8b7064cf,208f0b0909878740,F:\Work\VSCode\Projects\DATASET\dataset_defects\images\train_missing_tooth\train_392.jpg,
train_393,train,train,0,,0,0,0,0,477,332,cc71e9daff0c90395c114e1367f48024cc3987c2cf6ef52db1685b4b5641c800,688e1323070f8fc1,F:\Work\VSCode\Projects\DATASET\dataset_defects\images\train_missing_tooth\train_393.jpg,
train_394,train,train,0,,0,0,0,0,474,347,0571eae984dbcd2a1ceb894946afeabb98194201fcc516bb998eb7eb3358126b,718e173307078fe1,F:\Work\VSCode\Projects\DATASET\dataset_defects\images\train_missing_tooth\train_394.jpg,
train_395,train,train,0,,0,0,0,0,477,336,1d8b0ca1461b3dddcc425fac6bd287813014958a90383ae9446244c0d4780369,698e1323130787c1,F:\Work\VSCode\Projects\DATASET\dataset_defects\images\train_missing_tooth\train_395.jpg,
train_396,train,train,0,,0,0,0,0,498,360,93e67ab62baa6dcbb3e6c339710d962a09cdfa927e95432b129208a7b569ac0c,618e1733270787e1,F:\Work\VSCode\Projects\DATASET\dataset_defects\images\train_missing_tooth\train_396.jpg,
train_397,train,train,0,,0,0,0,0,485,336,cde1a8d3da5562d42bc4728163d32ef14b938008096bdf44f198762b1b56c54b,618e17230f0787c1,F:\Work\VSCode\Projects\DATASET\dataset_defects\images\train_missing_tooth\train_397.jpg,
train_398,train,val,0,,0,0,0,0,429,159,d4ebe327c30e27ad533a773f10105e1fdd18633552d9821de782c74783fb4529,481e230b07078703,F:\Work\VSCode\Projects\DATASET\dataset_defects\images\train_missing_tooth\train_398.jpg,
train_399,train,val,0,,0,0,0,0,430,158,af0f958aa503f6759c4568deb2351060e968018b4cab561bbc34f4e9e19958c1,0016371b07078703,F:\Work\VSCode\Projects\DATASET\dataset_defects\images\train_missing_tooth\train_399.jpg,
train_400,train,val,0,,0,0,0,0,454,175,37d49607cd388396beca1f3d8c1bf61e330458b4c405265427b6c133e0f388ed,401e270707078703,F:\Work\VSCode\Projects\DATASET\dataset_defects\images\train_missing_tooth\train_400.jpg,
train_401,train,train,0,,0,0,0,0,682,667,63a1bf76687c843cfe760a451d197318854c933526590094176842cc0d15c3c2,200f172b2b178f61,F:\Work\VSCode\Projects\DATASET\dataset_defects\images\train_missing_tooth\train_401.jpg,
train_402,train,val,0,,0,0,0,0,660,655,7dcc8e95da4ab73c9629f69730d3a2b5857eaef4b23062ef76ed2c5ba2024149,210e070d0d070000,F:\Work\VSCode\Projects\DATASET\dataset_defects\images\train_missing_tooth\train_402.jpg,
train_403,train,train,1,side,2,0,0,0,669,559,197679f563ee476ba350445668a0d06b94fb3d9f380d6d6488e2ff92fabbe990,401e0f03070f0fa2,F:\Work\VSCode\Projects\DATASET\dataset_defects\images\train_missing_tooth\train_403.jpg,F:\Work\VSCode\Projects\DATASET\dataset_defects\annotations\train_missing_tooth\train_403.xml
train_404,train,train,1,side,2,0,0,0,692,577,ccb86a8cd0e8c2b11adc7b6167ba245a9e6056563594b1b956e1178d962a666f,401e0f03070f0fa0,F:\Work\VSCode\Projects\DATASET\dataset_defects\images\train_missing_tooth\train_404.jpg,F:\Work\VSCode\Projects\DATASET\dataset_defects\annotations\train_missing_tooth\train_404.xml
train_405,train,train,1,side,3,0,0,0,714,584,156ff87baef649a92bad16a66be1e55cefd3b66232b48118720fe68dacea117a,401e0f0307070f20,F:\Work\VSCode\Projects\DATASET\dataset_defects\images\train_missing_tooth\train_405.jpg,F:\Work\VSCode\Projects\DATASET\dataset_defects\annotations\train_missing_tooth\train_405.xml
train_406,train,train,1,side,2,0,0,0,666,621,ed26f1e8dfc56bc29ba28bf768d61403b1e5d310ea7f2735bfe17fbc83debecb,220f8e230f0787e0,F:\Work\VSCode\Projects\DATASET\dataset_defects\images\train_missing_tooth\train_406.jpg,F:\Work\VSCode\Projects\DATASET\dataset_defects\annotations\train_missing_tooth\train_406.xml
train_407,train,train,0,,0,0,0,0,671,613,4de5c079206c835f801c1e6c1401e75a73f1742786ff91f86812108e51360aab,230f0e2307078760,F:\Work\VSCode\Projects\DATASET\dataset_defects\images\train_missing_tooth\train_407.jpg,
train_408,train,train,1,side,4,0,0,0,672,464,1ea710a4c525b40150214465d414c6e042653f607ae674923fa63ef2c7bad308,20068e0f0b030702,F:\Work\VSCode\Projects\DATASET\dataset_defects\images\train_missing_tooth\train_408.jpg,F:\Work\VSCode\Projects\DATASET\dataset_defects\annotations\train_missing_tooth\train_408.xml
train_409,train,train,1,side,2,0,0,0,686,480,8234c33dfbd964d3c807bacc926c56c64cf78a6c0c5fc2394ecf7ee4c372dafa,00068e0f03030742,F:\Work\VSCode\Projects\DATASET\dataset_defects\images\train_missing_tooth\train_409.jpg,F:\Work\VSCode\Projects\DATASET\dataset_defects\annotations\train_missing_tooth\train_409.xml
train_410,train,train,1,side,3,0,0,0,698,430,2d79e466f9ddd98055b6c9695014f969e349b8fc03e8cbd46d571e4807b68a3a,400b0b0b0f0e0f04,F:\Work\VSCode\Projects\DATASET\dataset_defects\images\train_missing_tooth\train_410.jpg,F:\Work\VSCode\Projects\DATASET\dataset_defects\annotations\train_missing_tooth\train_410.xml
train_411,train,train,0,,0,0,0,0,476,487,3db469478d1b1167a94cc052f1bf56c5edc1a734cf4dffbd66cff2431b796942,200f0f0d09078760,F:\Work\VSCode\Projects\DATASET\dataset_defects\images\train_missing_tooth\train_411.jpg,
train_412,train,train,0,,0,0,0,0,516,523,60933b54302cb115b7065cfdf29191f1c5bfca1aa37f59af56f10e23cbf4fa1e,200f0f0d0b0f8760,F:\Work\VSCode\Projects\DATASET\dataset_defects\images\train_missing_tooth\train_412.jpg,
train_413,train,train,0,,0,0,0,0,475,364,8088f023fa3ccdb48639e2776afbf213c235dd12e5104b92e83b09bf2fb1bb67,618e1f23070787e1,F:\Work\VSCode\Projects\DATASET\dataset_defects\images\train_missing_tooth\train_413.jpg,
train_414,train,train,0,,0,0,0,0,431,287,dd438420618d08999486fe6bc17b0049885d7acc8b4aed1ab9207953cad1cf53,618e172307078fc1,F:\Work\VSCode\Projects\DATASET\dataset_defects\images\train_missing_tooth\train_414.jpg,
train_415,train,train,0,,0,0,0,0,432,284,34ac6bf91a95e90bf4ce5714bfae7e6ad592bcf4a61c565ff43ae1f21aa668d5,618e172307078fc1,F:\Work\VSCode\Projects\DATASET\dataset_defects\images\train_missing_tooth\train_415.jpg,
train_416,train,train,0,,0,0,0,0,436,291,b2cd121dd49ac7aa15ba3c7adbfd4f75da9e377147fc1cde19f43400c16d031a,618e132307078fc9,F:\Work\VSCode\Projects\DATASET\dataset_defects\images\train_missing_tooth\train_416.jpg,
train_417,train,train,0,,0,0,0,0,429,297,73cdadf6f879dfbebfdbebecd61f1adc13abfc6b03892c8b0f34ec755adea707,608e1323070f8fc0,F:\Work\VSCode\Projects\DATASET\dataset_defects\images\train_missing_tooth\train_417.jpg,
train_418,train,val,0,,0,0,0,0,405,161,d2778596d71ef100efbf4c25a298914b88df4ec7b8243bedfceb1b40fd43fc47,401e270b0f078703,F:\Work\VSCode\Projects\DATASET\dataset_defects\images\train_missing_tooth\train_418.jpg,
train_419,train,train,0,,0,0,0,0,412,168,c5e356e5ef806b29a90f11fea7139eed08dc36fbd1ccd289e18860b18b8ebd7f,401e37030f038703,F:\Work\VSCode\Projects\DATASET\dataset_defects\images\train_missing_tooth\train_419.jpg,
train_420,train,val,0,,0,0,0,0,422,164,03ce2f2ad5c9dfd30ffe483d03db66d71e355000890eb97b2dd280258a4bd467,411e270303078703,F:\Work\VSCode\Projects\DATASET\dataset_defects\images\train_missing_tooth\train_420.jpg,
train_421,train,train,0,,0,0,0,0,432,441,2002a9f6d9ea688759e2ea44b9180745d0d3e86e92a53ea0f890dd35056bdc50,208f0f0d0b078722,F:\Work\VSCode\Projects\DATASET\dataset_defects\images\train_missing_tooth\train_421.jpg,
train_422,train,train,0,,0,0,0,0,509,518,67ce703741515ed6ab1c3de60504ee4c42b325005e68e9f716ff22f3a5777df7,600f0f0d0b0f8762,F:\Work\VSCode\Projects\DATASET\dataset_defects\images\train_missing_tooth\train_422.jpg,
train_423,train,train,0,,0,0,0,0,440,371,7e3fd9ff1b76264259030f267b22bb49d3bddf4258d172a6c1a6bdf69405f3a3,608e1f2b03078fc3,F:\Work\VSCode\Projects\DATASET\dataset_defects\images\train_missing_tooth\train_423.jpg,
train_424,train,train,0,,0,0,0,0,393,297,8bf1a44e5dc4bfc12ee084a0eb793ca4c50ea21713ca0710b0a0c2dad2d4b44d,618e1f23070787e1,F:\Work\VSCode\Projects\DATASET\dataset_defects\images\train_missing_tooth\train_424.jpg,
train_425,train,train,0,,0,0,0,0,408,303,cbdfac6966b7d2a2e843a4adb241790a9df82eeadccb5a376e41246776c87676,608e1f2307078fc1,F:\Work\VSCode\Projects\DATASET\dataset_defects\images\train_missing_tooth\train_425.jpg,
train_426,train,train,0,,0,0,0,0,412,306,6ad5aba3ecfc9003c47d3ab28e4f4a4c0f2826ecf6b98a4032df9449de9c58ae,608e1f2307078fe1,F:\Work\VSCode\Projects\DATASET\dataset_defects\images\train_missing_tooth\train_426.jpg,
train_427,train,train,0,,0,0,0,0,408,305,97546c8b9815d79f495a180426fd7e0d26cd4a6cefec1631731d6e854bc703be,618e172307078fc1,F:\Work\VSCode\Projects\DATASET\dataset_defects\images\train_missing_tooth\train_427.jpg,
train_428,train,val,0,,0,0,0,0,368,158,f38fbd08b7f8804a9f849a1ca4e28424a744ac97836a348ea52b5ba082e64c32,401e270313078703,F:\Work\VSCode\Projects\DATASET\dataset_defects\images\train_missing_tooth\train_428.jpg,
train_429,train,train,0,,0,0,0,0,385,152,e48e04c393e7173461089d87ae396f1061d45157cca9f5235fdcb03c3363c7e8,401e270307138783,F:\Work\VSCode\Projects\DATASET\dataset_defects\images\train_missing_tooth\train_429.jpg,
train_430,train,train,0,,0,0,0,0,380,152,7c3f5b474fc44600c53286700089a8b8f3192170f9f12ebdc32b5ad4447ac352,401e270307138703,F:\Work\VSCode\Projects\DATASET\dataset_defects\images\train_missing_tooth\train_430.jpg,
train_431,train,val,0,,0,0,0,0,454,456,d2ce65761a09ede2cfa91595554224b9f52ba32444041cf742e3a3e8511865e9,200f170d0f078fe0,F:\Work\VSCode\Projects\DATASET\dataset_defects\images\train_missing_tooth\train_431.jpg,
train_432,train,train,0,,0,0,0,0,530,530,7448a297420d19ff18010743cbe66b54eec320f9779cc349dfaa81b9c8a5c78a,608f070f0b0f8f60,F:\Work\VSCode\Projects\DATASET\dataset_defects\images\train_missing_tooth\train_432.jpg,
train_433,train,train,0,,0,0,0,0,425,330,cc814ccb635f7d8877b659f25ed2f99af6a93a6ab46c9c4b63e7133bbb0aa583,618e1f2307078fe1,F:\Work\VSCode\Projects\DATASET\dataset_defects\images\train_missing_tooth\train_433.jpg,
train_434,train,train,0,,0,0,0,0,479,335,a25461939bebd8de4dfa9f50624a6e33ab95e7a7ef05ac7c31cc4da7bc3f0578,618e172307078fc1,F:\Work\VSCode\Projects\DATASET\dataset_defects\images\train_missing_tooth\train_434.jpg,
train_435,train,train,0,,0,0,0,0,456,322,269c598e8cf416f2ea4542cce9394efce2367a037b1f320d242d681f09356d52,638e172307078fc1,F:\Work\VSCode\Projects\DATASET\dataset_defects\images\train_missing_tooth\train_435.jpg,
train_436,train,train,0,,0,0,0,0,452,324,ebb368b3aa177a20ed04d57291066228d31a3e8a3ee124ac82eda095c4bec183,618e172307078fc1,F:\Work\VSCode\Projects\DATASET\dataset_defects\images\train_missing_tooth\train_436.jpg,
train_437,train,train,0,,0,0,0,0,448,321,0c65c9396d74e2f23a82c318cd3590a7c0a96c935907ee02fdc75567b9327d66,618e172307078fc1,F:\Work\VSCode\Projects\DATASET\dataset_defects\images\train_missing_tooth\train_437.jpg,
train_438,train,train,0,,0,0,0,0,469,206,b820e1666ec3988dba047dcb27f945baf7666d823b855a7b6a34e4747e0ce734,611e330707078743,F:\Work\VSCode\Projects\DATASET\dataset_defects\images\train_missing_tooth\train_438.jpg,
train_439,train,train,0,,0,0,0,0,463,200,51acbf899aa8e6ed3a1504d61dda287d90bf018dac52ab9bc187b812f6f1f927,600e33230f178fc7,F:\Work\VSCode\Projects\DATASET\dataset_defects\images\train_missing_tooth\train_439.jpg,
train_440,train,train,0,,0,0,0,0,478,206,0a4cbbb90feb94199ea5bc9e04cd0240fbc1e5dcc769ad388364cacb4d198fd7,608f332703070fcf,F:\Work\VSCode\Projects\DATASET\dataset_defects\images\train_missing_tooth\train_440.jpg,
train_441,train,train,0,,0,0,0,0,461,472,b046d8919e5515709aeaf5377d419ff23dad04e1b12d9f65299343a7f15aebe1,200f070f0b0f8762,F:\Work\VSCode\Projects\DATASET\dataset_defects\images\train_missing_tooth\train_441.jpg,
train_442,train,train,0,,0,0,0,0,541,551,be8dc617b996cdef58f495b78b8d9dadea2621dce8d16c24b68e61d4522e7039,200f070f0b0f8760,F:\Work\VSCode\Projects\DATASET\dataset_defects\images\train_missing_tooth\train_442.jpg,
train_443,train,train,0,,0,0,0,0,475,373,a8f7bfb2e041398891f1989d67a1f1888d0287b79e775951fb3e05875e51f3d6,618e1723030787e1,F:\Work\VSCode\Projects\DATASET\dataset_defects\images\train_missing_tooth\train_443.jpg,
train_444,train,train,0,,0,0,0,0,506,368,24641e9005b69ae3a94427a44f562a76c5951ed4f317a7f16e4477bfa2b14a37,618e1723070787e1,F:\Work\VSCode\Projects\DATASET\dataset_defects\images\train_missing_tooth\train_444.jpg,
train_445,train,train,0,,0,0,0,0,506,363,f5839527af21aea5a9e171807960a54496af11fb85722ed88738b992791007a2,608e1723070787c1,F:\Work\VSCode\Projects\DATASET\dataset_defects\images\train_missing_tooth\train_445.jpg,
train_446,train,train,0,,0,0,0,0,521,380,959555f10c25bc0b233511d7c2475cfd894e1cf3fb8310ddab03fcd1f155af26,618e1f23070787e1,F:\Work\VSCode\Projects\DATASET\dataset_defects\images\train_missing_tooth\train_446.jpg,
train_447,train,train,0,,0,0,0,0,504,358,6318781548f8fd9266264273e25e41ab196db9d8009baf14a5d06bbca5f2d93b,618e1723070787e1,F:\Work\VSCode\Projects\DATASET\dataset_defects\images\train_missing_tooth\train_447.jpg,
train_448,train,train,0,,0,0,0,0,484,192,eb5ea384a062a3af2de54f9290b15743bd6277b9bad4f6e9526443f7beaea790,f0c3072b1b071f9b,F:\Work\VSCode\Projects\DATASET\dataset_defects\images\train_missing_tooth\train_448.jpg,
train_449,train,train,0,,0,0,0,0,492,188,69fd50caf2176e0f8ea8c97814a398edc65955829e1d04995734b2301eff7df0,6007330b03070f8b,F:\Work\VSCode\Projects\DATASET\dataset_defects\images\train_missing_tooth\train_449.jpg,
train_450,train,train,0,,0,0,0,0,496,178,531edb3be50b441d04d5fe8a8fd21f57478596aefc8aa21775e86e3f7157c956,e883270b03070f8b,F:\Work\VSCode\Projects\DATASET\dataset_defects\images\train_missing_tooth\train_450.jpg,
train_451,train,train,0,,0,0,0,0,361,376,79d278d579f83bcf89b922ecb3fe842ea33d1967d5ace7a17fc37353ee765eb5,200f0f0f0b078760,F:\Work\VSCode\Projects\DATASET\dataset_defects\images\train_missing_tooth\train_451.jpg,
train_452,train,train,0,,0,0,0,0,400,405,dabe108c363b0c0f2ac50782e3d4a6c5b1023e8e690647ce7da911921648f832,200f1f0d0b87c762,F:\Work\VSCode\Projects\DATASET\dataset_defects\images\train_missing_tooth\train_452.jpg,
train_453,train,train,0,,0,0,0,0,505,366,f30585f701d2fb807d3d4a3716d92d9e2ebdb10967739c9c71ebac13a00dee32,708e173327078fc0,F:\Work\VSCode\Projects\DATASET\dataset_defects\images\train_missing_tooth\train_453.jpg,
train_454,train,train,0,,0,0,0,0,543,387,17ccbdbcdeed511e362b8131d49c540392b482d8132d38a473d9c8416ef3d1b5,318e173327078fc0,F:\Work\VSCode\Projects\DATASET\dataset_defects\images\train_missing_tooth\train_454.jpg,
train_455,train,train,0,,0,0,0,0,502,361,107a5867e3dd0ad08a34af95a0aa774fbd8e1d1846f916ec7afbb96e92b782c8,318e1733270f8fc1,F:\Work\VSCode\Projects\DATASET\dataset_defects\images\train_missing_tooth\train_455.jpg,
train_456,train,train,0,,0,0,0,0,515,376,b78067b3ef36a5d11fa049d001708b94cac03f6e5aa582c5aac5c7fef63e41e8,318e1323070f8fe0,F:\Work\VSCode\Projects\DATASET\dataset_defects\images\train_missing_tooth\train_456.jpg,
train_457,train,train,0,,0,0,0,0,516,374,5ca4c3fdb7b216626cf1c924e4e47fb5ca8c61f0dd122b6920297c308edeec94,718e173307078fe0,F:\Work\VSCode\Projects\DATASET\dataset_defects\images\train_missing_tooth\train_457.jpg,
train_458,train,val,0,,0,0,0,0,483,169,f7493f42543fe72d9dc23cfb953ba003f83a59e16ed6965be29c6e5342135564,4117370b03030f07,F:\Work\VSCode\Projects\DATASET\dataset_defects\images\train_missing_tooth\train_458.jpg,
train_459,train,train,0,,0,0,0,0,478,183,7d16e58405ce3f58819141432579efe59aa2ddb6249521a5d9b25d90c8ff08d0,c11f371b03038703,F:\Work\VSCode\Projects\DATASET\dataset_defects\images\train_missing_tooth\train_459.jpg,
train_460,train,train,0,,0,0,0,0,489,180,b39f43032312fbef8b18778a7961a7225ac9130a9e381ffb2eb1accd88f660ce,4317330b03078703,F:\Work\VSCode\Projects\DATASET\dataset_defects\images\train_missing_tooth\train_460.jpg,
train_461,train,train,0,,0,0,0,0,448,462,bad92fab21fe2a51c15713264e609792b206ee816e88a4f53787b205ceab00a4,820f0f2f0b0f8f60,F:\Work\VSCode\Projects\DATASET\dataset_defects\images\train_missing_tooth\train_461.jpg,
train_462,train,train,0,,0,0,0,0,500,513,1ed50127a8b907a473fd862ddf0c8dec4c940b892af8d9f8f9b8d46bf50a308e,200f0f0d0b098fe0,F:\Work\VSCode\Projects\DATASET\dataset_defects\images\train_missing_tooth\train_462.jpg,
train_463,train,train,0,,0,0,0,0,511,408,265ad64c6543719c763c93cc697bcd70d78a22fee77b95d976b1b822b948f83f,618e172303078fc0,F:\Work\VSCode\Projects\DATASET\dataset_defects\images\train_missing_tooth\train_463.jpg,
train_464,train,train,0,,0,0,0,0,536,416,ccdc11eabc4a54224a48eabe4c42928507d1fd34a47a2e02fe9c2ddb6f4ba9a4,618e172303178fc0,F:\Work\VSCode\Projects\DATASET\dataset_defects\images\train_missing_tooth\train_464.jpg,
train_465,train,train,0,,0,0,0,0,568,426,a1b3082deb5676bca7f11b7d3c92adfab5abf470b3fecd336f905d7778d366e7,618e172303078fc1,F:\Work\VSCode\Projects\DATASET\dataset_defects\images\train_missing_tooth\train_465.jpg,
train_466,train,train,0,,0,0,0,0,548,410,6edb279101783933627a682b5d08c531d470d80e56abc01cd042709ae288ec34,698e172313078fc1,F:\Work\VSCode\Projects\DATASET\dataset_defects\images\train_missing_tooth\train_466.jpg,
train_467,train,train,0,,0,0,0,0,531,383,7e5838995122ba08c7025925e9c76c5165bf3ee0528e025dde8b4475497b8af1,618e172307078fc1,F:\Work\VSCode\Projects\DATASET\dataset_defects\images\train_missing_tooth\train_467.jpg,
train_468,train,train,0,,0,0,0,0,472,197,008a1827ca8d6f9e402c0fe46d6f0318677defe464475354646b30c7febea933,608633270f1f0fc7,F:\Work\VSCode\Projects\DATASET\dataset_defects\images\train_missing_tooth\train_468.jpg,
train_469,train,val,0,,0,0,0,0,450,191,5cc86a095327bc57e0e4ea0a213db02c99cbdba9359ce079909861ce9af2355a,c11e370303078743,F:\Work\VSCode\Projects\DATASET\dataset_defects\images\train_missing_tooth\train_469.jpg,
train_470,train,train,0,,0,0,0,0,473,204,a7f5707853f854082817ff38212d6112b1247aee9efb27971ced5f27c013e398,411e37130f038fc3,F:\Work\VSCode\Projects\DATASET\dataset_defects\images\train_missing_tooth\train_470.jpg,
train_471,train,train,0,,0,0,0,0,406,419,bda45578175858e48529a97f6842befe940726ba9b48f4c39112c8b31f31a42a,200f0f0d0b078760,F:\Work\VSCode\Projects\DATASET\dataset_defects\images\train_missing_tooth\train_471.jpg,
train_472,train,train,0,,0,0,0,0,421,430,e1ae0f755cefe69ebcd43dcfd3940a64bff7f469514bb3b4e0a1ea599d549ed7,200f0f0d0b0f8f62,F:\Work\VSCode\Projects\DATASET\dataset_defects\images\train_missing_tooth\train_472.jpg,
train_473,train,train,1,oblique,2,1,1,0,405,310,26401397ffb0ceb25a1ae59754a9ecfb09c9962c64349b7b8425680f3738d3a2,30861323331f8fc0,F:\Work\VSCode\Projects\DATASET\dataset_defects\images\train_missing_tooth\train_473.jpg,F:\Work\VSCode\Projects\DATASET\dataset_defects\annotations\train_missing_tooth\train_473.xml
train_474,train,val,1,oblique,4,0,0,0,434,232,7192581bc563e86221862a1122c9229a7a17f6f2b6693ff42ff26a516221012b,601e37130b078741,F:\Work\VSCode\Projects\DATASET\dataset_defects\images\train_missing_tooth\train_474.jpg,F:\Work\VSCode\Projects\DATASET\dataset_defects\annotations\train_missing_tooth\train_474.xml
train_475,train,train,1,oblique,4,0,0,0,429,233,86dcdfd1eb015eb8a1734502dedd4e21937c038c384e4df12eaa41e894e2f74c,688e132317078fc1,F:\Work\VSCode\Projects\DATASET\dataset_defects\images\train_missing_tooth\train_475.jpg,F:\Work\VSCode\Projects\DATASET\dataset_defects\annotations\train_missing_tooth\train_475.xml
train_476,train,train,0,,0,0,0,0,428,258,869f089980b9c295c4064f26f27bfc46517a2694b642b27787c69e0e80ffc9ac,688e132333178fc1,F:\Work\VSCode\Projects\DATASET\dataset_defects\images\train_missing_tooth\train_476.jpg,
train_477,train,train,0,,0,0,0,0,432,260,c3e5bba496b8fe9cbf8ecf9cd8f5c127b039ab5d1f82605c44d239565db05b47,608e132707078fc1,F:\Work\VSCode\Projects\DATASET\dataset_defects\images\train_missing_tooth\train_477.jpg,
train_478,train,train,0,,0,0,0,0,421,156,59bf0c47885e7969637db54d1e73175fb14105b3bc13ccda11b21dbbee3e1c8a,d83f270307078703,F:\Work\VSCode\Projects\DATASET\dataset_defects\images\train_missing_tooth\train_478.jpg,
train_479,train,train,1,oblique,4,0,0,0,435,162,e2aebf5a81685acee6d27da316b9915e8b0773f07990e088db61bdf2b220f3bd,f83f330f07070703,F:\Work\VSCode\Projects\DATASET\dataset_defects\images\train_missing_tooth\train_479.jpg,F:\Work\VSCode\Projects\DATASET\dataset_defects\annotations\train_missing_tooth\train_479.xml
train_480,train,train,1,oblique,4,0,0,0,436,155,7b700271d13d4c11845a8f8063481d997edeff9b2db70496747be0a413216f7c,f83f432b13070703,F:\Work\VSCode\Projects\DATASET\dataset_defects\images\train_missing_tooth\train_480.jpg,F:\Work\VSCode\Projects\DATASET\dataset_defects\annotations\train_missing_tooth\train_480.xml
train_481,train,train,0,,0,0,0,0,420,438,92884a456553aa52610752d856dfbeb180dbec740cc21f8320a1cfa54d748d2c,600f0f2f2f078762,F:\Work\VSCode\Projects\DATASET\dataset_defects\images\train_missing_tooth\train_481.jpg,
train_482,train,train,0,,0,0,0,0,430,437,46c5c9c57c72f822d1dd5f49da303f7fe3e8194c0914c6aea6c139ce90714651,200f0f0d0b0f87c3,F:\Work\VSCode\Projects\DATASET\dataset_defects\images\train_missing_tooth\train_482.jpg,
train_483,train,train,1,oblique,1,1,1,1,482,367,8f2c91098cc38d3419603dda529eb330fdc4b2ded31aeaae62d645dad7170767,618e1f23030787e1,F:\Work\VSCode\Projects\DATASET\dataset_defects\images\train_missing_tooth\train_483.jpg,F:\Work\VSCode\Projects\DATASET\dataset_defects\annotations\train_missing_tooth\train_483.xml
train_484,train,train,1,oblique,1,1,1,1,499,363,7a03ef3230bcefd0e9056268cdd73cc9d909ea9a12526cb22f8d53cca66f0ff9,619e1f2303078761,F:\Work\VSCode\Projects\DATASET\dataset_defects\images\train_missing_tooth\train_484.jpg,F:\Work\VSCode\Projects\DATASET\dataset_defects\annotations\train_missing_tooth\train_484.xml
train_485,train,train,1,bottom+oblique,2,2,1,1,522,375,93a249f36d1a9e662caea63279ce438805cc383d61fb8dfe19ceb3749136e635,618e1f2303078fc1,F:\Work\VSCode\Projects\DATASET\dataset_defects\images\train_missing_tooth\train_485.jpg,F:\Work\VSCode\Projects\DATASET\dataset_defects\annotations\train_missing_tooth\train_485.xml
train_486,train,train,1,bottom+oblique,6,0,0,0,518,370,938cef874a4b79e881b93eb598ec2c775ad6d4e199e17076426e93ece284cb97,618e1f23070f87e1,F:\Work\VSCode\Projects\DATASET\dataset_defects\images\train_missing_tooth\train_486.jpg,F:\Work\VSCode\Projects\DATASET\dataset_defects\annotations\train_missing_tooth\train_486.xml
train_487,train,train,1,oblique,4,0,0,0,506,361,65d5772c7f6dccc027a58dc99f7e050511fcb084323363c8fde0a874a94713e8,698e172307078fe1,F:\Work\VSCode\Projects\DATASET\dataset_defects\images\train_missing_tooth\train_487.jpg,F:\Work\VSCode\Projects\DATASET\dataset_defects\annotations\train_missing_tooth\train_487.xml
train_488,train,train,0,,0,0,0,0,404,414,d0e458f67fa7881108efa4ba9eeee6a144ce79e0ee23f1f77dd1fa568e2a8895,600f0f0f0b0f8763,F:\Work\VSCode\Projects\DATASET\dataset_defects\images\train_missing_tooth\train_488.jpg,
train_489,train,train,0,,0,0,0,0,387,396,2de8557dc2f5d1ac0afaf06de3a924f185fe673e1eae75bc6fccbd459f9c226c,240f1f0f0b0787e3,F:\Work\VSCode\Projects\DATASET\dataset_defects\images\train_missing_tooth\train_489.jpg,
train_490,train,train,0,,0,0,0,0,496,364,70ef369a6bd9430e5929a9578866b9bd8bfef938ba2f653f382f09880505f6a1,698e1723030787e1,F:\Work\VSCode\Projects\DATASET\dataset_defects\images\train_missing_tooth\train_490.jpg,
train_491,train,train,1,oblique,4,0,0,0,523,390,4fbb52d9d222ebb46fea70a3801182818addabf4a49cf5edf3978a351748768b,618e1f2307178fc1,F:\Work\VSCode\Projects\DATASET\dataset_defects\images\train_missing_tooth\train_491.jpg,F:\Work\VSCode\Projects\DATASET\dataset_defects\annotations\train_missing_tooth\train_491.xml
train_492,train,train,1,bottom+oblique,6,0,0,0,526,374,e53054f9f244ce0abfdfcdd90af35617609639516c35e5b4267c2be41f9210f3,618e172317178fc1,F:\Work\VSCode\Projects\DATASET\dataset_defects\images\train_missing_tooth\train_492.jpg,F:\Work\VSCode\Projects\DATASET\dataset_defects\annotations\train_missing_tooth\train_492.xml
train_493,train,train,1,bottom,2,1,1,0,518,362,3ff2c35fd679da36293e76c20ddb4cdd0e37a94e6976135067351124ccdcf087,618e132333178fe1,F:\Work\VSCode\Projects\DATASET\dataset_defects\images\train_missing_tooth\train_493.jpg,F:\Work\VSCode\Projects\DATASET\dataset_defects\annotations\train_missing_tooth\train_493.xml
train_494,train,train,1,bottom,2,0,0,0,499,340,5b84af4bd189a3b5519ee2524081f06bd0bc2a1dfc7e7df3a80431c20472607c,608e132327078fc1,F:\Work\VSCode\Projects\DATASET\dataset_defects\images\train_missing_tooth\train_494.jpg,F:\Work\VSCode\Projects\DATASET\dataset_defects\annotations\train_missing_tooth\train_494.xml
train_495,train,train,1,bottom,2,0,0,0,483,216,f5bedbc7ae0824ff6243fd9192e36e36a520f4d5285660820ed9673c8220eb70,401e332307078741,F:\Work\VSCode\Projects\DATASET\dataset_defects\images\train_missing_tooth\train_495.jpg,F:\Work\VSCode\Projects\DATASET\dataset_defects\annotations\train_missing_tooth\train_495.xml
train_496,train,train,1,bottom,3,0,0,0,488,208,e689caeb117b305a358c22b0a934cfa7354d6c9c1b35728459a728c5245132e2,400e330307078f43,F:\Work\VSCode\Projects\DATASET\dataset_defects\images\train_missing_tooth\train_496.jpg,F:\Work\VSCode\Projects\DATASET\dataset_defects\annotations\train_missing_tooth\train_496.xml
test_001,test,test,0,,0,0,0,0,519,528,7868590772172928b8093be0eba8cc26d92977093983d02c4e347b220f45dae6,280f172b330f8e61,F:\Work\VSCode\Projects\DATASET\dataset_defects\images\test_missing_tooth\test_001.jpg,
test_002,test,test,1,side,3,0,0,0,536,514,c8123d2a64d7055e093915f6af5ed9b7eefc3b76fb114f81ee94ce7788fb2fd4,30cc0e3b0f078e48,F:\Work\VSCode\Projects\DATASET\dataset_defects\images\test_missing_tooth\test_002.jpg,F:\Work\VSCode\Projects\DATASET\dataset_defects\annotations\test_missing_tooth\test_002.xml
test_003,test,test,1,side,3,0,0,0,561,386,a7ca1c997ebdbfe18cf9c7652de5eefc4549bf51d1e61631447977eea2f61210,608e8e0e1b333333,F:\Work\VSCode\Projects\DATASET\dataset_defects\images\test_missing_tooth\test_003.jpg,F:\Work\VSCode\Projects\DATASET\dataset_defects\annotations\test_missing_tooth\test_003.xml
test_004,test,test,0,,0,0,0,0,541,561,d22bf23395800f110b79f21487797bda956cfcbf97a11fa17d0794830b59f619,1b0f270f2b0b8e61,F:\Work\VSCode\Projects\DATASET\dataset_defects\images\test_missing_tooth\test_004.jpg,
test_005,test,test,1,side,4,1,1,0,525,492,e874f0f15eaa21eff91a1f127ebb85b3a5e5f6dfb33530e8b3a0d86a91764dd6,68860f2333178e68,F:\Work\VSCode\Projects\DATASET\dataset_defects\images\test_missing_tooth\test_005.jpg,F:\Work\VSCode\Projects\DATASET\dataset_defects\annotations\test_missing_tooth\test_005.xml
test_006,test,test,1,side,4,0,0,0,669,290,00c08ac74c6d2909978f12bc958cae1186e6d9a80b9005927a559a00b67381a5,c424370726263e26,F:\Work\VSCode\Projects\DATASET\dataset_defects\images\test_missing_tooth\test_006.jpg,F:\Work\VSCode\Projects\DATASET\dataset_defects\annotations\test_missing_tooth\test_006.xml
test_007,test,test,0,,0,0,0,0,376,394,7eefb9059f88aece8a5d9f80e5f2fb84e4e76069859f59f1fa7ec66e53eea255,9a0f070f0b1b8e61,F:\Work\VSCode\Projects\DATASET\dataset_defects\images\test_missing_tooth\test_007.jpg,
test_008,test,test,0,,0,0,0,0,358,258,96f97ae6b576c25ee2d6bc79b4e6428bc35d75169b4c58f3ebfdf81426c8ad70,f18e170b33178e4c,F:\Work\VSCode\Projects\DATASET\dataset_defects\images\test_missing_tooth\test_008.jpg,
test_009,test,test,1,bottom,3,0,0,0,337,111,28de2d32b4412a5bdd7d5595fb37604d02141c66e2bba23492b404f0eb15a8d3,481633171f070f0f,F:\Work\VSCode\Projects\DATASET\dataset_defects\images\test_missing_tooth\test_009.jpg,F:\Work\VSCode\Projects\DATASET\dataset_defects\annotations\test_missing_tooth\test_009.xml
test_010,test,test,0,,0,0,0,0,383,398,4be0786e7bc85e5bf3cc462e3927f0584e086e03387cbcb0b1e801dbc07f9ae2,d00f072b2b0f8e23,F:\Work\VSCode\Projects\DATASET\dataset_defects\images\test_missing_tooth\test_010.jpg,
test_011,test,test,1,oblique,5,0,0,0,392,311,bfbc67fab78701a8151f2ef060e4f44ac0c7406873d3d830e0d21a9c68c56000,718e170b33338ecd,F:\Work\VSCode\Projects\DATASET\dataset_defects\images\test_missing_tooth\test_011.jpg,F:\Work\VSCode\Projects\DATASET\dataset_defects\annotations\test_missing_tooth\test_011.xml
test_012,test,test,1,oblique,5,0,0,0,417,182,6afc1c8707938a791ffd5a81c13f73f1b0045cb884224e51b8b1d3637956c8f5,df3006173f0f0f0f,F:\Work\VSCode\Projects\DATASET\dataset_defects\images\test_missing_tooth\test_012.jpg,F:\Work\VSCode\Projects\DATASET\dataset_defects\annotations\test_missing_tooth\test_012.xml
test_013,test,test,0,,0,0,0,0,346,372,c870b6cd9b23943d3a37b994b80af46da9aaa59b7f158b10b7dcca4bed241c66,a00f07232b0f8e41,F:\Work\VSCode\Projects\DATASET\dataset_defects\images\test_missing_tooth\test_013.jpg,
test_014,test,test,0,,0,0,0,0,354,276,ccbc3aae114ebd6a4c8347eb327b5554618c4655030f6502929e5509ac0d854c,698e070b33178e48,F:\Work\VSCode\Projects\DATASET\dataset_defects\images\test_missing_tooth\test_014.jpg,
test_015,test,test,1,bottom+oblique,6,0,0,0,365,136,a85d6f6c17dbba3a4b468335c483faf98249faa860a0cc37fdb3d9a1bb976d04,600f17371b131f1f,F:\Work\VSCode\Projects\DATASET\dataset_defects\images\test_missing_tooth\test_015.jpg,F:\Work\VSCode\Projects\DATASET\dataset_defects\annotations\test_missing_tooth\test_015.xml
test_016,test,test,0,,0,0,0,0,334,373,1476925399f8519d6ff527a09c82e03a1917febf84588c4cce7875e337a6f1b0,a00f0f2b23070e20,F:\Work\VSCode\Projects\DATASET\dataset_defects\images\test_missing_tooth\test_016.jpg,
test_017,test,test,0,,0,0,0,0,376,281,7f1415a55fc587cfb7592dc52e4bb1fd8376c915eb15869aa0a7200cac421bca,718e170b33178e48,F:\Work\VSCode\Projects\DATASET\dataset_defects\images\test_missing_tooth\test_017.jpg,
test_018,test,test,0,,0,0,0,0,329,111,edb2ab42d12776cb59b946da17a50804651edd75d3cb3f8792586e824e4a74b9,c81e371b1f0f070f,F:\Work\VSCode\Projects\DATASET\dataset_defects\images\test_missing_tooth\test_018.jpg,
test_019,test,test,0,,0,0,0,0,322,353,bc0b9775ff36021fb8a8375ad3903b51d6d19736b1018288bdd13e5dbb0c709a,b00f0f2b2b0f8e30,F:\Work\VSCode\Projects\DATASET\dataset_defects\images\test_missing_tooth\test_019.jpg,
test_020,test,test,1,bottom,2,1,1,0,364,280,4e82dbdc3c40dc7144a26c4afd995529b82b8a4da4e0c3f45a71ebe3f5877fb6,608e170b33178e48,F:\Work\VSCode\Projects\DATASET\dataset_defects\images\test_missing_tooth\test_020.jpg,F:\Work\VSCode\Projects\DATASET\dataset_defects\annotations\test_missing_tooth\test_020.xml
test_021,test,test,1,bottom+oblique,6,0,0,0,356,115,a8c8e4f4d20fd3fc765e59c5fb0c04bc447912fff6f6ceec7a921bb048998637,c817372f2f0f0f0f,F:\Work\VSCode\Projects\DATASET\dataset_defects\images\test_missing_tooth\test_021.jpg,F:\Work\VSCode\Projects\DATASET\dataset_defects\annotations\test_missing_tooth\test_021.xml
test_022,test,test,0,,0,0,0,0,308,318,442011bb26b2d934f6749bf10e0b2ab37743cb6482d75a28f40bd67231d96035,280f0f2b230f0e11,F:\Work\VSCode\Projects\DATASET\dataset_defects\images\test_missing_tooth\test_022.jpg,
test_023,test,test,0,,0,0,0,0,367,281,6a6c2418b28acfd6a496d51bdfabb252efbbf49f2569355a622a10cf969e1afe,e88e070b33178e68,F:\Work\VSCode\Projects\DATASET\dataset_defects\images\test_missing_tooth\test_023.jpg,
test_024,test,test,0,,0,0,0,0,354,116,6816f0b3cff0fa824a1d6370a4846e9b070c6ae965c76106819c347969f3ba39,ec07331b2b1f0f0b,F:\Work\VSCode\Projects\DATASET\dataset_defects\images\test_missing_tooth\test_024.jpg,
test_025,test,test,0,,0,0,0,0,331,346,80ac3efe4315553f486e8f1fb184b5e18fde3c7f3a01a4025b45008878d1d635,ca0f17032f0f8f69,F:\Work\VSCode\Projects\DATASET\dataset_defects\images\test_missing_tooth\test_025.jpg,
test_026,test,test,0,,0,0,0,0,369,268,85782a29bf919ec1b55893686ac3475df63dccd8dbc4a1fcc452199a9e32031d,698e172b331f0e4c,F:\Work\VSCode\Projects\DATASET\dataset_defects\images\test_missing_tooth\test_026.jpg,
test_027,test,test,0,,0,0,0,0,363,114,c39af6eea6df4ccc2eec03f34e6c7c8d74012776e79f0c6da97bfb95231ac09d,e483132717271f1b,F:\Work\VSCode\Projects\DATASET\dataset_defects\images\test_missing_tooth\test_027.jpg,
test_028,test,test,0,,0,0,0,0,272,290,87831a6b3ba6c75cb1a73b5bce1f603ba82544d0f3fed73af5c190d8e94c248a,0a0f1b3b23270e11,F:\Work\VSCode\Projects\DATASET\dataset_defects\images\test_missing_tooth\test_028.jpg,
test_029,test,test,0,,0,0,0,0,338,236,c5a4311513b517ad48546f9ae39ec9fcdbd4ad760fe4a9c8d35dd06304e72c61,698e172333070ea8,F:\Work\VSCode\Projects\DATASET\dataset_defects\images\test_missing_tooth\test_029.jpg,
test_030,test,test,0,,0,0,0,0,318,113,a4088bfd3c49b6ca1b96c9aa8c61e6c721ee3436fa710f614a83891bccb38254,b8c203270f071f1f,F:\Work\VSCode\Projects\DATASET\dataset_defects\images\test_missing_tooth\test_030.jpg,
test_031,test,test,0,,0,0,0,0,431,437,1df8fc1d07e6037c8658444d80dac2f3a60a8b050593bde1f812b729f17e7400,2b0f172b23078e60,F:\Work\VSCode\Projects\DATASET\dataset_defects\images\test_missing_tooth\test_031.jpg,
test_032,test,test,1,side,2,1,1,0,466,423,bece6383796227ac9c1dfd4cfb3d71cb8685a1c8af1d32d2434e08e411fbb055,328c8e330f1f0f48,F:\Work\VSCode\Projects\DATASET\dataset_defects\images\test_missing_tooth\test_032.jpg,F:\Work\VSCode\Projects\DATASET\dataset_defects\annotations\test_missing_tooth\test_032.xml
test_033,test,test,1,side,2,0,0,0,458,307,a40e5aa340bb646ff0d30b0aad085f1d5c2796c5e2248f5f444d1e65f42574dd,608e8e0e0b3b1f3b,F:\Work\VSCode\Projects\DATASET\dataset_defects\images\test_missing_tooth\test_033.jpg,F:\Work\VSCode\Projects\DATASET\dataset_defects\annotations\test_missing_tooth\test_033.xml
test_034,test,test,0,,0,0,0,0,284,301,787bd585089b49048722602e360eeed56bcc1cb531d84af9bc3606b1ca42dc3a,a30f07231b138e69,F:\Work\VSCode\Projects\DATASET\dataset_defects\images\test_missing_tooth\test_034.jpg,
test_035,test,test,0,,0,0,0,0,337,226,f85c16bef0a1127c28f792056ea40cde9516b88b770d49f200d2ecca975e34d7,698e172b33078e4c,F:\Work\VSCode\Projects\DATASET\dataset_defects\images\test_missing_tooth\test_035.jpg,
test_036,test,test,0,,0,0,0,0,325,108,2fe97e40665ff44110d37812341ef1bd2ca2b488f1e8abccf4318415a8c87824,e807170f17170f0f,F:\Work\VSCode\Projects\DATASET\dataset_defects\images\test_missing_tooth\test_036.jpg,
test_037,test,test,0,,0,0,0,0,305,314,4603d7c52fad8969a420126478bef4c75df1c7252907f7dbcc2c490a48361fe2,8d0f132b2b0f8ee1,F:\Work\VSCode\Projects\DATASET\dataset_defects\images\test_missing_tooth\test_037.jpg,
test_038,test,test,0,,0,0,0,0,353,244,90d3e759e23383819764c239cf88fec42cdb11ff3bbf9a3d120ed372d4595a30,688e172b33178ee8,F:\Work\VSCode\Projects\DATASET\dataset_defects\images\test_missing_tooth\test_038.jpg,
test_039,test,test,0,,0,0,0,0,320,102,6655ea7dc2611a60189db33b1d38e13202d09c9cee086e8dda41d794969f9715,ec17131717170f03,F:\Work\VSCode\Projects\DATASET\dataset_defects\images\test_missing_tooth\test_039.jpg,
test_040,test,test,0,,0,0,0,0,307,319,7d11ecebc6467a33ba9b365905a4e747124e13f240bb0e85e91750af54b9fc53,280f172f2b1f8e61,F:\Work\VSCode\Projects\DATASET\dataset_defects\images\test_missing_tooth\test_040.jpg,
test_041,test,test,0,,0,0,0,0,337,239,6d914aa120efc245fcea9cc85e381497780ef4862b9a80da471543fc323ba2b3,698e173333170ec8,F:\Work\VSCode\Projects\DATASET\dataset_defects\images\test_missing_tooth\test_041.jpg,
test_042,test,test,0,,0,0,0,0,347,116,63ef65d877599970e969bd77bf0737ad6812b469218664645e34f6a32843a5a0,6c07132b1b171f1b,F:\Work\VSCode\Projects\DATASET\dataset_defects\images\test_missing_tooth\test_042.jpg,
test_043,test,test,0,,0,0,0,0,346,357,acc908bec294a546a57393164cf4a8a3a669f1322bcb7f8aa20ef2dff223fc2c,8a0f072b2b0f8e23,F:\Work\VSCode\Projects\DATASET\dataset_defects\images\test_missing_tooth\test_043.jpg,
test_044,test,test,0,,0,0,0,0,346,242,a64f1a27d2716c5dd178a23b16d1689ac3fec7d1a8b7ccf2815e3556f6146c21,698e170b33178e4c,F:\Work\VSCode\Projects\DATASET\dataset_defects\images\test_missing_tooth\test_044.jpg,
test_045,test,test,0,,0,0,0,0,388,126,73f496defddba96e3fb5a87235a7243506b85acfd67d00eccf89e93c5217bb29,e00713230b271f1b,F:\Work\VSCode\Projects\DATASET\dataset_defects\images\test_missing_tooth\test_045.jpg,
test_046,test,test,0,,0,0,0,0,343,342,d8f2dd3d18ecc74c5d3339025d7eb312cb2043749065e0b5c7814d7a97a5dbba,890f072b2b2b8e43,F:\Work\VSCode\Projects\DATASET\dataset_defects\images\test_missing_tooth\test_046.jpg,
test_047,test,test,0,,0,0,0,0,395,282,8d3c6863e63b660561599c94c0b932efdbb333eae7ac5a7cf098256c2fa7ab83,688e170b33178e4c,F:\Work\VSCode\Projects\DATASET\dataset_defects\images\test_missing_tooth\test_047.jpg,F:\Work\VSCode\Projects\DATASET\dataset_defects\annotations\test_missing_tooth\test_047.xml
test_048,test,test,1,bottom,5,0,0,0,369,123,7dad353051978e1845a026b825338838f321a4621c5573893a26d30fcffca6e9,e607130307071f0f,F:\Work\VSCode\Projects\DATASET\dataset_defects\images\test_missing_tooth\test_048.jpg,F:\Work\VSCode\Projects\DATASET\dataset_defects\annotations\test_missing_tooth\test_048.xml
test_049,test,test,0,,0,0,0,0,537,534,8c5d1d9a8f1e55ae07eb87e9592be73c66be5536211be7c3282e3d15d4823748,3b8d0b2b2b2f0c02,F:\Work\VSCode\Projects\DATASET\dataset_defects\images\test_missing_tooth\test_049.jpg,
test_050,test,test,1,side,4,0,0,0,483,417,09767881a69a87fa50579d47f151c8ba9511ae73ced7717adf7203250359dbb3,68860b33331f0f0b,F:\Work\VSCode\Projects\DATASET\dataset_defects\images\test_missing_tooth\test_050.jpg,F:\Work\VSCode\Projects\DATASET\dataset_defects\annotations\test_missing_tooth\test_050.xml
test_051,test,test,1,side,4,0,0,0,492,298,adc49716021d4126080b4c1a4d01e17cfa53ba36c8f94c23f11472d8a01ac063,e41b13230f8e0f0e,F:\Work\VSCode\Projects\DATASET\dataset_defects\images\test_missing_tooth\test_051.jpg,F:\Work\VSCode\Projects\DATASET\dataset_defects\annotations\test_missing_tooth\test_051.xml
test_052,test,test,0,,0,0,0,0,438,443,d7e02761904e5b0a4962345a3681ae2bba9178c103fe972b59c99dace887a648,2b0f172b33078e31,F:\Work\VSCode\Projects\DATASET\dataset_defects\images\test_missing_tooth\test_052.jpg,
test_053,test,test,1,side,2,0,0,0,426,394,081f864a27d6cb6f67b1477c7a591e0599d92e662bf16e698a8b49ac971f8eb8,b3cc8e230f070e48,F:\Work\VSCode\Projects\DATASET\dataset_defects\images\test_missing_tooth\test_053.jpg,F:\Work\VSCode\Projects\DATASET\dataset_defects\annotations\test_missing_tooth\test_053.xml
test_054,test,test,1,side,2,0,0,0,484,331,00532bf4aafd74f807a5b664e82ed91b34ff7f11fba19f791c7da4c40734b1b0,608e8e8e2b331323,F:\Work\VSCode\Projects\DATASET\dataset_defects\images\test_missing_tooth\test_054.jpg,F:\Work\VSCode\Projects\DATASET\dataset_defects\annotations\test_missing_tooth\test_054.xml
test_055,test,test,0,,0,0,0,0,294,318,1af4e624b1bfe1b5bdff68394b0b27d0d01e9c6f1fb13fdf4ac76e936b0aad2c,740f0f2b2b278e71,F:\Work\VSCode\Projects\DATASET\dataset_defects\images\test_missing_tooth\test_055.jpg,
test_056,test,test,0,,0,0,0,0,335,256,37674e81081f80825a4e57581669ac963938e899524f68205aac177fb192b21b,618e170b33178ec8,F:\Work\VSCode\Projects\DATASET\dataset_defects\images\test_missing_tooth\test_056.jpg,
test_057,test,test,0,,0,0,0,0,357,117,448f0d66b17f1460a08b456aab400948f3a5aeef5bedd6e20cae894c29f4f8b2,6087132717171f1b,F:\Work\VSCode\Projects\DATASET\dataset_defects\images\test_missing_tooth\test_057.jpg,
test_058,test,test,0,,0,0,0,0,319,336,b3962cbabab155207c1231b884bb7231859cac5bede08d9ff14c98f208d1075e,380e072b2b238e09,F:\Work\VSCode\Projects\DATASET\dataset_defects\images\test_missing_tooth\test_058.jpg,
test_059,test,test,0,,0,0,0,0,349,272,51d84e4613d0f726325fe16a0012d1f0f1f1795c4ebf7f014de931a4e3ef66f1,618e170b33178ec8,F:\Work\VSCode\Projects\DATASET\dataset_defects\images\test_missing_tooth\test_059.jpg,
test_060,test,test,0,,0,0,0,0,377,135,d1a39dd787802d5e9b9c5856a5640c672c517cc4fdff9ffe2bde17581e317f6b,600333231b0f0f1b,F:\Work\VSCode\Projects\DATASET\dataset_defects\images\test_missing_tooth\test_060.jpg,
test_061,test,test,0,,0,0,0,0,301,322,0cf917fda4c07d0255422f52195db6e73c1fc5d96613f396673b10131ac6caae,aa0f0f2f2b278e69,F:\Work\VSCode\Projects\DATASET\dataset_defects\images\test_missing_tooth\test_061.jpg,
test_062,test,test,0,,0,0,0,0,351,261,b04012ed4e9019fccdc84779e3505cd780b861d737eb0978d91f9e7f9d727a1f,698e170b23178e48,F:\Work\VSCode\Projects\DATASET\dataset_defects\images\test_missing_tooth\test_062.jpg,
test_063,test,test,0,,0,0,0,0,379,122,a7e2eb848eed189741a6f01eccc05dc24b7abdf5161d1235d391ccaf3c9f2d7d,f10e273337170f0f,F:\Work\VSCode\Projects\DATASET\dataset_defects\images\test_missing_tooth\test_063.jpg,
test_064,test,test,1,oblique,11,0,0,0,285,291,19e7a4afaad2bba0dd5fe8922d342216d4d97e7797db83c69e5ed325dfdf52f6,e80f0f2f2f0f8e21,F:\Work\VSCode\Projects\DATASET\dataset_defects\images\test_missing_tooth\test_064.jpg,F:\Work\VSCode\Projects\DATASET\dataset_defects\annotations\test_missing_tooth\test_064.xml
test_065,test,test,1,oblique,3,0,0,0,338,247,693b9a157f5bd496ab61c271ed6a3b5935b323ce6466044945a773c4677d0ba1,688e172b33178e49,F:\Work\VSCode\Projects\DATASET\dataset_defects\images\test_missing_tooth\test_065.jpg,F:\Work\VSCode\Projects\DATASET\dataset_defects\annotations\test_missing_tooth\test_065.xml
test_066,test,test,1,bottom+oblique,6,0,0,0,361,126,7a33f36cf2c693bd26d730d5c379125f36983cabe0497ba04c72a13bdc923cad,6c87130b3b1f1f1b,F:\Work\VSCode\Projects\DATASET\dataset_defects\images\test_missing_tooth\test_066.jpg,F:\Work\VSCode\Projects\DATASET\dataset_defects\annotations\test_missing_tooth\test_066.xml
test_067,test,test,0,,0,0,0,0,354,360,2f46752cfe325bcf37f3a2c28d84c58e3770672562cd16fde910986bee363013,230f0f2b2b2f8e00,F:\Work\VSCode\Projects\DATASET\dataset_defects\images\test_missing_tooth\test_067.jpg,
test_068,test,test,0,,0,0,0,0,337,235,dee4dd439503cc3a482582fb0d0d254aa661d85e3de7bdc76dadc65ac8adb860,618e173333070e48,F:\Work\VSCode\Projects\DATASET\dataset_defects\images\test_missing_tooth\test_068.jpg,
test_069,test,test,1,bottom,1,0,0,0,459,207,1d8a734f813bc99d7dce50545a36b5e05dbea11cbb7b7d6d68940d8a875f97ce,8483c31636160e0e,F:\Work\VSCode\Projects\DATASET\dataset_defects\images\test_missing_tooth\test_069.jpg,F:\Work\VSCode\Projects\DATASET\dataset_defects\annotations\test_missing_tooth\test_069.xml
test_070,test,test,0,,0,0,0,0,326,335,f189fca31b02e53fa6d5f6690dbeec55e895e39e1a5b108d81ab6ef40d81dd29,220f1f0b2b038641,F:\Work\VSCode\Projects\DATASET\dataset_defects\images\test_missing_tooth\test_070.jpg,
test_071,test,test,0,,0,0,0,0,343,267,548ca3850dfc45b8e20f227495bab5a05618458c6fd618db49bf95fe7eba3478,698e172b331f8ec8,F:\Work\VSCode\Projects\DATASET\dataset_defects\images\test_missing_tooth\test_071.jpg,
test_072,test,test,0,,0,0,0,0,423,132,b3339f6c3fce865dfddea6ac031a0016a809868940c7721f5b8db552e237eb32,e08617270f071f1b,F:\Work\VSCode\Projects\DATASET\dataset_defects\images\test_missing_tooth\test_072.jpg,
test_073,test,test,0,,0,0,0,0,332,359,8becac1ad374ded9ffa05638174a920c9d81cd23c6b174c8fa860ec22fbcfb65,f80f1f1b2b270e11,F:\Work\VSCode\Projects\DATASET\dataset_defects\images\test_missing_tooth\test_073.jpg,
test_074,test,test,0,,0,0,0,0,381,298,636946058cb8c463fc88449edf3ceae38df5c7705f20e9eeff0c528d40854a3c,688e172b33178ee8,F:\Work\VSCode\Projects\DATASET\dataset_defects\images\test_missing_tooth\test_074.jpg,
test_075,test,test,1,bottom,4,0,0,0,421,126,3d92cd2e163e31ec1f2a4b2c5fad3c8c2e41325362a51f078beeda43e1c69775,ec07331717070f0f,F:\Work\VSCode\Projects\DATASET\dataset_defects\images\test_missing_tooth\test_075.jpg,F:\Work\VSCode\Projects\DATASET\dataset_defects\annotations\test_missing_tooth\test_075.xml
test_076,test,test,0,,0,0,0,0,313,346,6cb47a5454c13c51be9b35872177fa78487847defe956595725270e302bed90a,e80f072b2b178e61,F:\Work\VSCode\Projects\DATASET\dataset_defects\images\test_missing_tooth\test_076.jpg,
test_077,test,test,0,,0,0,0,0,363,309,7d5fc0c5b252d5c7e4f3a2604bd260235e438cb58102bad12cbb611eca2ff12b,688e170f33178e69,F:\Work\VSCode\Projects\DATASET\dataset_defects\images\test_missing_tooth\test_077.jpg,
test_078,test,test,0,,0,0,0,0,382,120,51353a279d7f576557f07efaa18c7494ef6cd9bddc364b9d85df732715b30f41,c817370f3f270f0f,F:\Work\VSCode\Projects\DATASET\dataset_defects\images\test_missing_tooth\test_078.jpg,
test_079,test,test,0,,0,0,0,0,307,336,919791a8ac70f6c89e6491868ed07f1d177f98f87cd5ac685a6b9b8ff5f21f92,380e1b2b2b278e31,F:\Work\VSCode\Projects\DATASET\dataset_defects\images\test_missing_tooth\test_079.jpg,
test_080,test,test,0,,0,0,0,0,362,284,a2610fe3f861cb13f3ac9da150745f8c3976bffaf79fd044260afea068500160,718e170b33178e68,F:\Work\VSCode\Projects\DATASET\dataset_defects\images\test_missing_tooth\test_080.jpg,
test_081,test,test,0,,0,0,0,0,370,117,fb9e3f7f3ad93df7f1b56d135f223b8416e231ef821e3645de86433ae5809bde,e807132317171f1b,F:\Work\VSCode\Projects\DATASET\dataset_defects\images\test_missing_tooth\test_081.jpg,
test_082,test,test,0,,0,0,0,0,419,433,c1b6de7ed57de8998609c812711c41b81a9884f009620ed87d8f3f6407ab0786,2b0f172b23078e60,F:\Work\VSCode\Projects\DATASET\dataset_defects\images\test_missing_tooth\test_082.jpg,
test_083,test,test,1,side,3,0,0,0,544,510,a505e44c95b06eb23626c0f94a739d763c2a0d4311429ad3f6d49d91116b6d36,30cc8e230f078ec8,F:\Work\VSCode\Projects\DATASET\dataset_defects\images\test_missing_tooth\test_083.jpg,F:\Work\VSCode\Projects\DATASET\dataset_defects\annotations\test_missing_tooth\test_083.xml
test_084,test,test,1,side,2,2,1,1,546,346,a2ea097bb2947209e9f6c2b8c1064c274debfe070428f826b7ab9ca29df15d8a,608e8c8f23233732,F:\Work\VSCode\Projects\DATASET\dataset_defects\images\test_missing_tooth\test_084.jpg,F:\Work\VSCode\Projects\DATASET\dataset_defects\annotations\test_missing_tooth\test_084.xml
test_085,test,test,0,,0,0,0,0,295,306,57114079aebcdba7449c488aee219559616c70ec7c57971b5379f5a68b32e827,e20f072b2b0f8e51,F:\Work\VSCode\Projects\DATASET\dataset_defects\images\test_missing_tooth\test_085.jpg,
test_086,test,test,0,,0,0,0,0,343,275,dbc8b1ad0400d05ca4aa1098a3450f2e95c3e5f335d337b54659b5b727298f36,708e172b33078e68,F:\Work\VSCode\Projects\DATASET\dataset_defects\images\test_missing_tooth\test_086.jpg,
test_087,test,test,0,,0,0,0,0,401,132,6e13c592bbd1949c750565d8990d26f195f61bbd4aa09f28905d818945effacf,ec06332317070e0e,F:\Work\VSCode\Projects\DATASET\dataset_defects\images\test_missing_tooth\test_087.jpg,
test_088,test,test,0,,0,0,0,0,304,316,97f0f99c994a056fe0ab25dda31650a12860f8fcb54e3dc43a3ff3d9f1995792,020f0f0b2b2f8e61,F:\Work\VSCode\Projects\DATASET\dataset_defects\images\test_missing_tooth\test_088.jpg,
test_089,test,test,0,,0,0,0,0,339,266,bf923666f5920d8147879eeb9229bcb62bc43337d3d32b3112f5c52d9509303f,718e172b33178e69,F:\Work\VSCode\Projects\DATASET\dataset_defects\images\test_missing_tooth\test_089.jpg,
test_090,test,test,0,,0,0,0,0,405,131,3f93e2e5bc49a61a840c834d8aa24c8e0de1f14cc799ef822eb1d01da8b6d270,e487132713171f1f,F:\Work\VSCode\Projects\DATASET\dataset_defects\images\test_missing_tooth\test_090.jpg,
test_091,test,test,0,,0,0,0,0,311,326,573adf2f73befacdd7f060cd909a81c6442505da501ae77c67e2d200e8d399ee,080f172b2b0f8e31,F:\Work\VSCode\Projects\DATASET\dataset_defects\images\test_missing_tooth\test_091.jpg,
test_092,test,test,0,,0,0,0,0,363,270,8bec7823c0363c1590516b0bfe9002f05de9ea0476c3bf51e5a3de8b3604bc38,698e172b33178e69,F:\Work\VSCode\Projects\DATASET\dataset_defects\images\test_missing_tooth\test_092.jpg,
test_093,test,test,0,,0,0,0,0,355,118,f6dd6d9d3b20224e19376d23fbc8a34ad259bf32bc88c13e7bf5b93eb92dbfe4,e887132303171f1b,F:\Work\VSCode\Projects\DATASET\dataset_defects\images\test_missing_tooth\test_093.jpg,
test_094,test,test,0,,0,0,0,0,305,312,e6d70f55a01a316f44cfac7e951baa34df8f003abc9cccae129c1c09e6f7b02e,8a0f070f2f2f8f61,F:\Work\VSCode\Projects\DATASET\dataset_defects\images\test_missing_tooth\test_094.jpg,
test_095,test,test,0,,0,0,0,0,328,252,9c01507a5764f6a81255a6252d2494e0223b7bdd59d4e3837c233b7d5558cd8c,e18e172b33078e48,F:\Work\VSCode\Projects\DATASET\dataset_defects\images\test_missing_tooth\test_095.jpg,
test_096,test,test,0,,0,0,0,0,358,125,b8710121ccf7e617d69fe192f27f1ade6979908467777c0a644adc94eb97c52b,3882133717270f1b,F:\Work\VSCode\Projects\DATASET\dataset_defects\images\test_missing_tooth\test_096.jpg,
test_097,test,test,0,,0,0,0,0,314,325,7e4a5ecfb69f955cb94896e5224a06df5feb11a072bdd9b2c648443b60a4b6f6,070f0f0b2b0f8e01,F:\Work\VSCode\Projects\DATASET\dataset_defects\images\test_missing_tooth\test_097.jpg,
test_098,test,test,0,,0,0,0,0,353,260,59192ecb57f8d03df88d96cda52eb86b085991ce5a47acf43f15535a5333cc7a,618e170b33178e48,F:\Work\VSCode\Projects\DATASET\dataset_defects\images\test_missing_tooth\test_098.jpg,
test_099,test,test,0,,0,0,0,0,391,151,410318e3a1b8a8bdd4377801228ca1cb7c6bc59450fc6a9a20df2786786538ab,837ec61607171e1e,F:\Work\VSCode\Projects\DATASET\dataset_defects\images\test_missing_tooth\test_099.jpg,
test_100,test,test,0,,0,0,0,0,320,340,762d316f704482907d289816e81e0d25299f78f8326ae3f22ad347068dd590c1,920f0f2b2b078e21,F:\Work\VSCode\Projects\DATASET\dataset_defects\images\test_missing_tooth\test_100.jpg,
test_101,test,test,0,,0,0,0,0,352,303,ce40ff6f69b6ea5eed220cadcc0c6f4736c7cd5727f9de687b9c050e5075f015,718e170b33178ee9,F:\Work\VSCode\Projects\DATASET\dataset_defects\images\test_missing_tooth\test_101.jpg,
test_102,test,test,0,,0,0,0,0,389,123,e4994c07215b7316eda1cf4e0e107c0d4170eff16695b4ce4e5f4644b34f8f63,78c6172717071e1a,F:\Work\VSCode\Projects\DATASET\dataset_defects\images\test_missing_tooth\test_102.jpg,
test_103,test,test,0,,0,0,0,0,317,334,93dc68f639b46ec97404b0b2b0d1612ea41f57123122956699036f1298dae327,d90f0f2b2b078e41,F:\Work\VSCode\Projects\DATASET\dataset_defects\images\test_missing_tooth\test_103.jpg,
test_104,test,test,1,oblique,3,0,0,0,351,253,3f5c0aea62c8891846842cc0a45f4bd2a0aacdaf32ca875de8c1436e8783133b,618e170b37178e4d,F:\Work\VSCode\Projects\DATASET\dataset_defects\images\test_missing_tooth\test_104.jpg,F:\Work\VSCode\Projects\DATASET\dataset_defects\annotations\test_missing_tooth\test_104.xml
test_105,test,test,1,bottom+oblique,7,0,0,0,368,120,f3ba50673b8985919c0fd8df35add9245f67a9bfd7b0237a19d0577e0d6d4104,ec87172737171f1b,F:\Work\VSCode\Projects\DATASET\dataset_defects\images\test_missing_tooth\test_105.jpg,F:\Work\VSCode\Projects\DATASET\dataset_defects\annotations\test_missing_tooth\test_105.xml
test_106,test,test,0,,0,0,0,0,464,471,35900aa238afb19e59ef118d99ef75ad65304b0a6aa6e34a17fa7ca5d24ed5d0,230f172b330f8e60,F:\Work\VSCode\Projects\DATASET\dataset_defects\images\test_missing_tooth\test_106.jpg,
test_107,test,test,1,side,2,0,0,0,535,506,d16495315c9e321ce5f4372088fb417d59f453f20cf3637d2ac745291b3d8692,30cc0e3b0f078e68,F:\Work\VSCode\Projects\DATASET\dataset_defects\images\test_missing_tooth\test_107.jpg,F:\Work\VSCode\Projects\DATASET\dataset_defects\annotations\test_missing_tooth\test_107.xml
test_108,test,test,1,side,4,0,0,0,577,392,a7d928aa18943743315ea0f333fcc3b31560834c88fef36d76b3d663c3f3e7c0,608c8c0f2b331b2a,F:\Work\VSCode\Projects\DATASET\dataset_defects\images\test_missing_tooth\test_108.jpg,F:\Work\VSCode\Projects\DATASET\dataset_defects\annotations\test_missing_tooth\test_108.xml
test_109,test,test,0,,0,0,0,0,341,367,918b49ee24287f67b75e7c9745629e889558a1d3ace6216de66f36a5feab5a06,980f072f2f0f8e69,F:\Work\VSCode\Projects\DATASET\dataset_defects\images\test_missing_tooth\test_109.jpg,
test_110,test,test,0,,0,0,0,0,360,268,4628adfb3c2ab738927d36d05be3bc97486580cc76b91802f7dba0f51cf7a436,e18e172b33078e68,F:\Work\VSCode\Projects\DATASET\dataset_defects\images\test_missing_tooth\test_110.jpg,
test_111,test,test,1,bottom+oblique,8,0,0,0,385,123,3dd1a66b91a1b96253e797ad8f844ec0ab6e7ec130876a2cc1322afa51f37f66,e80713132b3b1f1b,F:\Work\VSCode\Projects\DATASET\dataset_defects\images\test_missing_tooth\test_111.jpg,F:\Work\VSCode\Projects\DATASET\dataset_defects\annotations\test_missing_tooth\test_111.xml
test_112,test,test,0,,0,0,0,0,312,319,b8b866d9f7902b8e753a7eec971d2c33f6690ac45158ca277644bd7c2dcc9e56,020f1b0b2b0f8e61,F:\Work\VSCode\Projects\DATASET\dataset_defects\images\test_missing_tooth\test_112.jpg,
test_113,test,test,0,,0,0,0,0,354,271,1c90476990525156917a5c1ad06aaf05c48250bf0d7430738f8ed24e25ef37cf,e98e172b33178e68,F:\Work\VSCode\Projects\DATASET\dataset_defects\images\test_missing_tooth\test_113.jpg,
test_114,test,test,0,,0,0,0,0,372,124,7104133266a643d3f5efe3a0217abe57361d2796412355b04b66a0adb40c4457,f886172727271f1b,F:\Work\VSCode\Projects\DATASET\dataset_defects\images\test_missing_tooth\test_114.jpg,
test_115,test,test,0,,0,0,0,0,557,548,a77653ced0f8225697f35009139476664981813703aedde011ef8b36f57e3cf4,090f172b3b0f8e20,F:\Work\VSCode\Projects\DATASET\dataset_defects\images\test_missing_tooth\test_115.jpg,
test_116,test,test,1,side,2,0,0,0,609,573,fd6ff24aeb97de97ad47826940bc17438ef98caef9be43767fcd5ba81ef18ee3,20cc062b0f078e68,F:\Work\VSCode\Projects\DATASET\dataset_defects\images\test_missing_tooth\test_116.jpg,F:\Work\VSCode\Projects\DATASET\dataset_defects\annotations\test_missing_tooth\test_116.xml
test_117,test,test,1,side,2,0,0,0,518,341,24548022b0d51128665c12c0ff665e8b197b18c3330dd7940d66be635121b615,608e8e0d2b333723,F:\Work\VSCode\Projects\DATASET\dataset_defects\images\test_missing_tooth\test_117.jpg,F:\Work\VSCode\Projects\DATASET\dataset_defects\annotations\test_missing_tooth\test_117.xml
test_118,test,test,0,,0,0,0,0,340,353,c26b40982c2d55b526152fc170ccf435b2995ef42a1c5609d04b6c2363a2e7ee,1b0f27230b0f0d30,F:\Work\VSCode\Projects\DATASET\dataset_defects\images\test_missing_tooth\test_118.jpg,
test_119,test,test,0,,0,0,0,0,349,234,2a189f1faa7a9e5a305944e10dce863f9efabdaf822ff8a15dfe81ce2aaeee7b,698e172333170e48,F:\Work\VSCode\Projects\DATASET\dataset_defects\images\test_missing_tooth\test_119.jpg,
test_120,test,test,0,,0,0,0,0,326,107,33e769fe9bc09d9c46dfb495f74bb4121351fd72c64585e71f568a2fad5a6c23,f9c60637170f1f1f,F:\Work\VSCode\Projects\DATASET\dataset_defects\images\test_missing_tooth\test_120.jpg,
test_121,test,test,1,oblique,2,0,0,0,303,326,41601d7d8e3dfb83361489cb541c730edcd349da931123513a41d0fbf42a5960,b00f07132b078e31,F:\Work\VSCode\Projects\DATASET\dataset_defects\images\test_missing_tooth\test_121.jpg,F:\Work\VSCode\Projects\DATASET\dataset_defects\annotations\test_missing_tooth\test_121.xml
test_122,test,test,0,,0,0,0,0,350,198,d0f00e37ed45976762eac111dfe5ad12a269b084a616ee45622a92fc21671730,7986073333170e09,F:\Work\VSCode\Projects\DATASET\dataset_defects\images\test_missing_tooth\test_122.jpg,
test_123,test,test,0,,0,0,0,0,339,124,6b986085479be30386dd3865a5463602a90e465595751a1d4fb08007270b1c02,037fc31313171f1b,F:\Work\VSCode\Projects\DATASET\dataset_defects\images\test_missing_tooth\test_123.jpg,
test_124,test,test,1,oblique,2,0,0,0,314,340,10810883ed4de9bdbccc114202648e09f3e71136e46661047362324ee06c2eee,e80f07072f078e61,F:\Work\VSCode\Projects\DATASET\dataset_defects\images\test_missing_tooth\test_124.jpg,F:\Work\VSCode\Projects\DATASET\dataset_defects\annotations\test_missing_tooth\test_124.xml
test_125,test,test,1,oblique,4,0,0,0,362,256,df99b3a54fc35e2a3daf19fc52b45527529b49e8e05d87692b9da914b93c7ba4,718e07233f0f8e4d,F:\Work\VSCode\Projects\DATASET\dataset_defects\images\test_missing_tooth\test_125.jpg,F:\Work\VSCode\Projects\DATASET\dataset_defects\annotations\test_missing_tooth\test_125.xml
test_126,test,test,1,oblique,3,0,0,0,339,110,1d2af352db7e1530de0f1a05449a8fdc0d35f4b627a00ccb5bdbfce9e755ec0a,e807170f37170f1f,F:\Work\VSCode\Projects\DATASET\dataset_defects\images\test_missing_tooth\test_126.jpg,F:\Work\VSCode\Projects\DATASET\dataset_defects\annotations\test_missing_tooth\test_126.xml
test_127,test,test,1,oblique,2,0,0,0,315,333,23d540dd4f297445777e761991f0552131c7377746adeeb5cef9068d8f8e9792,800f070b2b078ea0,F:\Work\VSCode\Projects\DATASET\dataset_defects\images\test_missing_tooth\test_127.jpg,F:\Work\VSCode\Projects\DATASET\dataset_defects\annotations\test_missing_tooth\test_127.xml
test_128,test,test,1,oblique,3,0,0,0,346,270,da019f9120559102d1777bc0f6272b1605e62dc17d5565f227e2c496642e9c12,618e170b33178e48,F:\Work\VSCode\Projects\DATASET\dataset_defects\images\test_missing_tooth\test_128.jpg,F:\Work\VSCode\Projects\DATASET\dataset_defects\annotations\test_missing_tooth\test_128.xml
test_129,test,test,0,,0,0,0,0,367,118,b7145d34a9729c96c5dbe0bcadf38a6e80af6cb39ce07917a57522834d22a179,680633270f071f1f,F:\Work\VSCode\Projects\DATASET\dataset_defects\images\test_missing_tooth\test_129.jpg,
test_130,test,test,0,,0,0,0,0,427,440,c2e4fb6eb48899d6c753b4e9b9a6e051728e36c82c80af5193e0238420bb452e,a90f172323278628,F:\Work\VSCode\Projects\DATASET\dataset_defects\images\test_missing_tooth\test_130.jpg,
test_131,test,test,1,side,8,0,0,0,550,528,8feab8869709ce8e8606102fec6286913041c4b1ce506cfbe54bce3fc7e561b1,30cc0f23070f8e69,F:\Work\VSCode\Projects\DATASET\dataset_defects\images\test_missing_tooth\test_131.jpg,F:\Work\VSCode\Projects\DATASET\dataset_defects\annotations\test_missing_tooth\test_131.xml
test_132,test,test,1,side,8,0,0,0,583,397,0885c48db2355db40e35d9ded70586efb0aa5393e3088f5f04d9ec6d73279d5e,208c8f0f2b3b1f22,F:\Work\VSCode\Projects\DATASET\dataset_defects\images\test_missing_tooth\test_132.jpg,F:\Work\VSCode\Projects\DATASET\dataset_defects\annotations\test_missing_tooth\test_132.xml
test_133,test,test,0,,0,0,0,0,338,361,ab29375dd8ebd161cb3a7df4075b4707e4fd30bd72ce5b556623b4b3970baa63,420f0f232b0f8e21,F:\Work\VSCode\Projects\DATASET\dataset_defects\images\test_missing_tooth\test_133.jpg,
test_134,test,test,0,,0,0,0,0,403,312,78a4ed3a791d48fa530f8dd73e6fff7bfa0a631ddd61c546a077671bbbff6cb3,698e170b33078e4c,F:\Work\VSCode\Projects\DATASET\dataset_defects\images\test_missing_tooth\test_134.jpg,
test_135,test,test,0,,0,0,0,0,424,143,f7bff92a0fc6cc8e70b0b988ddc61b9050f86f0eb0dd25d1b9efcfd14166c611,f80317270b071f1b,F:\Work\VSCode\Projects\DATASET\dataset_defects\images\test_missing_tooth\test_135.jpg,
test_136,test,test,0,,0,0,0,0,326,341,950db920cca2c6eef63be2f048fb20f9d757f895908e56ff17dde7f155ca4412,0b0f072b2b0f8e61,F:\Work\VSCode\Projects\DATASET\dataset_defects\images\test_missing_tooth\test_136.jpg,
test_137,test,test,0,,0,0,0,0,373,291,84a4d263d7968dfd47d4250266d6c89119c29319a540e5963e8f9ec111074b18,618e170b33178e68,F:\Work\VSCode\Projects\DATASET\dataset_defects\images\test_missing_tooth\test_137.jpg,
test_138,test,test,0,,0,0,0,0,400,133,cc8f9c59da1100d3e03ef97bda2bd29c1a8ebb65c1b27ede71baf0c84c3438cf,3ec607371f271e1e,F:\Work\VSCode\Projects\DATASET\dataset_defects\images\test_missing_tooth\test_138.jpg,
test_139,test,test,0,,0,0,0,0,323,354,65950de42b573722df5b4421417fb055a9ffb25beb422cc0f8b0d11a29e8d5cc,300f0f2b2b0f8e61,F:\Work\VSCode\Projects\DATASET\dataset_defects\images\test_missing_tooth\test_139.jpg,
test_140,test,test,1,bottom,3,1,1,0,372,264,601f02691df41749887122bb47b93c505cee990bd6983ec254b6a7f2cbb9ac0d,608e172b33178e4c,F:\Work\VSCode\Projects\DATASET\dataset_defects\images\test_missing_tooth\test_140.jpg,F:\Work\VSCode\Projects\DATASET\dataset_defects\annotations\test_missing_tooth\test_140.xml
test_141,test,test,1,bottom,3,0,0,0,334,117,a19f30c91f9e4082fd343b2688c5c24e49508e6ca4ef63b51418605770101356,fc87132b13371f33,F:\Work\VSCode\Projects\DATASET\dataset_defects\images\test_missing_tooth\test_141.jpg,F:\Work\VSCode\Projects\DATASET\dataset_defects\annotations\test_missing_tooth\test_141.xml
test_142,test,test,0,,0,0,0,0,311,325,e43d31c32de6d935d0e2be2df56106eb4f381bc4f9ad21fc21616578af0bcb63,820f072f2b0f8e31,F:\Work\VSCode\Projects\DATASET\dataset_defects\images\test_missing_tooth\test_142.jpg,
test_143,test,test,0,,0,0,0,0,378,305,337635af42edaac5838974e4dcaf467f68ff9f8df6c7b2e58cf90e1917a049ee,608e170b33178ec9,F:\Work\VSCode\Projects\DATASET\dataset_defects\images\test_missing_tooth\test_143.jpg,
test_144,test,test,1,oblique,4,0,0,0,354,118,bdfb3b25ea5c3d0eb4975b74d4d14a17afea695e0306d788d598e8248c21b9fa,6886333317071f1b,F:\Work\VSCode\Projects\DATASET\dataset_defects\images\test_missing_tooth\test_144.jpg,F:\Work\VSCode\Projects\DATASET\dataset_defects\annotations\test_missing_tooth\test_144.xml
test_145,test,test,0,,0,0,0,0,465,472,8dced160fbdf272e97ccd8d00f09bb91575e1951d5548fbdb5f0dfc8b27f14a6,230f172b3b078e61,F:\Work\VSCode\Projects\DATASET\dataset_defects\images\test_missing_tooth\test_145.jpg,
test_146,test,test,1,side,4,0,0,0,551,530,2a8176a2e5779121d26642df84df9d78886bef05d90b9599ffbe4203b550e06c,208c0f2b0f0f8e69,F:\Work\VSCode\Projects\DATASET\dataset_defects\images\test_missing_tooth\test_146.jpg,F:\Work\VSCode\Projects\DATASET\dataset_defects\annotations\test_missing_tooth\test_146.xml
test_147,test,test,1,side,2,0,0,0,479,318,e7966ee38521da4c4e846b35b4e00044f4bd0e5b1babe7ceb2cb7a9bab380af7,208e8e8f33330f0b,F:\Work\VSCode\Projects\DATASET\dataset_defects\images\test_missing_tooth\test_147.jpg,F:\Work\VSCode\Projects\DATASET\dataset_defects\annotations\test_missing_tooth\test_147.xml
test_148,test,test,0,,0,0,0,0,291,303,ee9ba326f782e65f5bccdb9c2f50627ed9f5bef3d9273105d547042fda4efeda,620f0f0f0b2b8e61,F:\Work\VSCode\Projects\DATASET\dataset_defects\images\test_missing_tooth\test_148.jpg,
test_149,test,test,0,,0,0,0,0,333,259,76fd3e5aaf48b020a2068ddff92adc355d6f6ffce911554b531ca4aeca6ecc50,618e170f33178e68,F:\Work\VSCode\Projects\DATASET\dataset_defects\images\test_missing_tooth\test_149.jpg,
test_150,test,test,0,,0,0,0,0,329,96,6dc715c862da6968cf03d4617947939d179f365b491d18eecb91bddd0feab5ed,ec871317170f0f07,F:\Work\VSCode\Projects\DATASET\dataset_defects\images\test_missing_tooth\test_150.jpg,
