stem,split,label,boxes,image,xml,width,height,dhash,sha256,excluded_from_train,exclusion_reason
train_001,train,scratch,3,F:\Work\VSCode\Projects\DATASET\dataset_defects\images\train_scratch\train_001.jpg,F:\Work\VSCode\Projects\DATASET\dataset_defects\annotations\train_scratch\train_001.xml,689,678,608c1e3337068600,eeeef32fa5dcd0a861d034b44e1153f547d3c7b1882f387417bda6bffd3fb0c1,False,
train_002,train,scratch,3,F:\Work\VSCode\Projects\DATASET\dataset_defects\images\train_scratch\train_002.jpg,F:\Work\VSCode\Projects\DATASET\dataset_defects\annotations\train_scratch\train_002.xml,521,519,e98e1f2b2f37071f,4fc250109377b8940363ad34faa975f87698cc7be242932be0e6927a1763c193,False,
train_003,train,scratch,3,F:\Work\VSCode\Projects\DATASET\dataset_defects\images\train_scratch\train_003.jpg,F:\Work\VSCode\Projects\DATASET\dataset_defects\annotations\train_scratch\train_003.xml,606,633,238c17232f3f1f1d,96f3c90f6238c5a1eebaa2b015785353e111891105109a609f87719945565127,False,
train_004,train,scratch,3,F:\Work\VSCode\Projects\DATASET\dataset_defects\images\train_scratch\train_004.jpg,F:\Work\VSCode\Projects\DATASET\dataset_defects\annotations\train_scratch\train_004.xml,527,533,13ad272f2d3d0f0f,0294aa51578d0c6e17e6cf63e14ffebfe459fd9c0a643ee3574c22496bac63eb,False,
train_005,train,scratch,3,F:\Work\VSCode\Projects\DATASET\dataset_defects\images\train_scratch\train_005.jpg,F:\Work\VSCode\Projects\DATASET\dataset_defects\annotations\train_scratch\train_005.xml,564,568,2649991b03230707,866602a9eba1d271ccbd5166eb880cd4e83375041c9207b1ec8241f538ea85aa,False,
train_006,train,scratch,3,F:\Work\VSCode\Projects\DATASET\dataset_defects\images\train_scratch\train_006.jpg,F:\Work\VSCode\Projects\DATASET\dataset_defects\annotations\train_scratch\train_006.xml,489,555,ef97131b0b238747,c8cbce2939f87489520cc5e82079f0ea6390cf3ac2608181f797425a89bf617c,False,
train_007,train,scratch,3,F:\Work\VSCode\Projects\DATASET\dataset_defects\images\train_scratch\train_007.jpg,F:\Work\VSCode\Projects\DATASET\dataset_defects\annotations\train_scratch\train_007.xml,641,689,608e17170b138646,5d350e3f5f447d997ef74e8945afea484d22daf38b4af53130310aca4101f336,False,
train_008,train,scratch,3,F:\Work\VSCode\Projects\DATASET\dataset_defects\images\train_scratch\train_008.jpg,F:\Work\VSCode\Projects\DATASET\dataset_defects\annotations\train_scratch\train_008.xml,307,677,0187070b1b371619,42281200f7235df5e6b742048ba75aee2ef688e10b84986ec229c2c151a6bbc2,False,
train_010,train,scratch,3,F:\Work\VSCode\Projects\DATASET\dataset_defects\images\train_scratch\train_010.jpg,F:\Work\VSCode\Projects\DATASET\dataset_defects\annotations\train_scratch\train_010.xml,329,665,8d8b030b0b0787e2,a78b72f5ddbf28d5057edb5b39dfa4d23c716e4a4eb1fd636b931cb606fa9933,False,
train_011,train,scratch,4,F:\Work\VSCode\Projects\DATASET\dataset_defects\images\train_scratch\train_011.jpg,F:\Work\VSCode\Projects\DATASET\dataset_defects\annotations\train_scratch\train_011.xml,657,654,300e0f2f0b0f1f36,2bdedc6fa62c6a4398ff6b107185c564eac1adc4f68e95058d039ee4ae7abfef,False,
train_012,train,scratch,4,F:\Work\VSCode\Projects\DATASET\dataset_defects\images\train_scratch\train_012.jpg,F:\Work\VSCode\Projects\DATASET\dataset_defects\annotations\train_scratch\train_012.xml,659,660,6916172f4f0f1e3d,2a12d10717d68da7a17f2fbc1b28d23331b7ae2a07edc2305db05bb9e5608eb6,False,
train_013,train,scratch,3,F:\Work\VSCode\Projects\DATASET\dataset_defects\images\train_scratch\train_013.jpg,F:\Work\VSCode\Projects\DATASET\dataset_defects\annotations\train_scratch\train_013.xml,569,716,e08e0b1999b387c3,6cbb727c9b6e664ff580cbf76abf025477e34aa576a2c5fe5a75ddde8cbe6be9,False,
train_014,train,scratch,3,F:\Work\VSCode\Projects\DATASET\dataset_defects\images\train_scratch\train_014.jpg,F:\Work\VSCode\Projects\DATASET\dataset_defects\annotations\train_scratch\train_014.xml,584,717,f98e37130f070e1d,7c1889987ec9e771294c25c7cb903802fc7a0fa4162feb9dfb069ab3498f4d99,False,
train_015,train,scratch,4,F:\Work\VSCode\Projects\DATASET\dataset_defects\images\train_scratch\train_015.jpg,F:\Work\VSCode\Projects\DATASET\dataset_defects\annotations\train_scratch\train_015.xml,428,667,c086030b1b170619,0239127f9840f8c306b1ceec790a1e2729ec185642620fe40580ca11b2da1ad5,False,
train_016,train,scratch,4,F:\Work\VSCode\Projects\DATASET\dataset_defects\images\train_scratch\train_016.jpg,F:\Work\VSCode\Projects\DATASET\dataset_defects\annotations\train_scratch\train_016.xml,432,662,e08617330b070e18,c577291b6e04a8cf727021acd0dd3348ceb58be6b601e81edd22ccd3d1991afb,False,
train_017,train,scratch,1,F:\Work\VSCode\Projects\DATASET\dataset_defects\images\train_scratch\train_017.jpg,F:\Work\VSCode\Projects\DATASET\dataset_defects\annotations\train_scratch\train_017.xml,270,720,0d0d042c2c26342c,bc0ccbb215541fef70cf8966a688051b483cf42d5c8a140da6fa4f3f4a6944c9,False,
train_020,train,scratch,3,F:\Work\VSCode\Projects\DATASET\dataset_defects\images\train_scratch\train_020.jpg,F:\Work\VSCode\Projects\DATASET\dataset_defects\annotations\train_scratch\train_020.xml,510,621,f98e07370f0f0e0e,cee04b1667ba0fcab5f1d2f85072036fac32948d8e5ccc632ab43604c0ee14a5,False,
train_021,train,normal,0,F:\Work\VSCode\Projects\DATASET\dataset_defects\images\train_scratch\train_021.jpg,,697,686,588e070b3b0f0f03,b2660f673f6759557a556c32a80f7bfabc4d5c410e57d422866f9f991cc6bbf8,False,
train_022,train,normal,0,F:\Work\VSCode\Projects\DATASET\dataset_defects\images\train_scratch\train_022.jpg,,863,835,108e270f0b1b8b03,cfafcf115c6ec6fa155864dbc51eeae8353f5be16e20569ddcdf0c0205919e6a,False,
train_023,train,normal,0,F:\Work\VSCode\Projects\DATASET\dataset_defects\images\train_scratch\train_023.jpg,,750,750,f88c0f0b0f070e0f,05e9af24a64a00051648958f085afc1e47600a25b6669ce4d56577fb996e78b5,False,
train_024,train,normal,0,F:\Work\VSCode\Projects\DATASET\dataset_defects\images\train_scratch\train_024.jpg,,748,760,e38c0f0b0f060e0c,4327a5c8d687e1370a80bb1d3d4bf7472952ac5e82b2179e811a6441d32dce29,False,
train_025,train,normal,0,F:\Work\VSCode\Projects\DATASET\dataset_defects\images\train_scratch\train_025.jpg,,724,742,f18d0f0b0f060e0e,b0866191dfae4cd654c65794c023b56234845d7e2664b63875b1d940591a85d0,False,
train_026,train,normal,0,F:\Work\VSCode\Projects\DATASET\dataset_defects\images\train_scratch\train_026.jpg,,747,763,f18d0f0b0f060e2c,e9ba3c179e885e87ae1f4f3851f38fdea9196e63fad2cd42f158ecfa29132542,False,
train_027,train,normal,0,F:\Work\VSCode\Projects\DATASET\dataset_defects\images\train_scratch\train_027.jpg,,729,748,f18d0f0b0f060e2c,60534ff6e9cdc2c979058cdaad025660968231b0d42abf2c51ad30a644ad7a2b,False,
train_031,train,normal,0,F:\Work\VSCode\Projects\DATASET\dataset_defects\images\train_scratch\train_031.jpg,,468,460,4886a72f1b1b0f0f,a20c230bd4b63e3537a29b6a25166b0ea857adcd6f8e8e2e02e185bc344e184e,False,
train_032,train,normal,0,F:\Work\VSCode\Projects\DATASET\dataset_defects\images\train_scratch\train_032.jpg,,436,438,588e272313130b07,86017fd590c9783de29d68d23bdbfdd18f98ef0199c1793c78fb12d10e6b907d,False,
train_033,train,normal,0,F:\Work\VSCode\Projects\DATASET\dataset_defects\images\train_scratch\train_033.jpg,,437,505,ba8c06270b0f0f0f,41d0623bd431712d08d1456aba831b99edd8a2c30bc2cad53c5f5332c0ff0751,False,
train_034,train,normal,0,F:\Work\VSCode\Projects\DATASET\dataset_defects\images\train_scratch\train_034.jpg,,424,504,f88c06270b0f0e0f,bcea4f56d4b8b8aadcd2782bd059e8038351b477148318563f35a28e339c146b,False,
train_035,train,normal,0,F:\Work\VSCode\Projects\DATASET\dataset_defects\images\train_scratch\train_035.jpg,,431,516,f88c06272b0f0e0f,382868a3590f8489046851a361d641ed1cb7bcc96523aadf8b1dd814b408404d,False,
train_036,train,normal,0,F:\Work\VSCode\Projects\DATASET\dataset_defects\images\train_scratch\train_036.jpg,,406,486,788c06270b0f0e0f,6f0c52ef98ce7e6a69119973b5116174f3244d2c3a4b5e622a472ad77dc59251,False,
train_037,train,normal,0,F:\Work\VSCode\Projects\DATASET\dataset_defects\images\train_scratch\train_037.jpg,,422,488,ea8c06272b0f070f,6920e941fa8ab9b6f8748c430e58cbfb22e0ecaa7af8686657d83a96798357d9,False,
train_041,train,normal,0,F:\Work\VSCode\Projects\DATASET\dataset_defects\images\train_scratch\train_041.jpg,,552,542,6996970b33330707,a6028a32e3358e88cfa68329fb8d2e9f3a1c683d938b437d4379869a4b2c80ab,False,
train_042,train,normal,0,F:\Work\VSCode\Projects\DATASET\dataset_defects\images\train_scratch\train_042.jpg,,610,603,388697270b130f87,2004f6a1c03b514a3c42816265352dfdf4276f27750b2f91c91eb705a367e0bc,False,
train_043,train,normal,0,F:\Work\VSCode\Projects\DATASET\dataset_defects\images\train_scratch\train_043.jpg,,380,633,d88606130f070e1c,7e19184d84de15b46a69a2746e2a26207cfa4bd8acfdc1ea6f95d203276e7632,False,
train_044,train,normal,0,F:\Work\VSCode\Projects\DATASET\dataset_defects\images\train_scratch\train_044.jpg,,360,600,288607130b07061c,3d2920ed8b39177fc2485c70d2bb8ff81f0847821a2d8386592eb76bb4134eaf,False,
train_045,train,normal,0,F:\Work\VSCode\Projects\DATASET\dataset_defects\images\train_scratch\train_045.jpg,,381,631,988e061327270e1c,ad2e0bb90b0fb741f8584375c89b1a414a6917d3131e3643e921b02bc3135459,False,
train_046,train,normal,0,F:\Work\VSCode\Projects\DATASET\dataset_defects\images\train_scratch\train_046.jpg,,359,596,488607030f070618,45cd318befade70c7a253e5233e6540a197c6e7c03a24a339ee6ad743d91c8cd,False,
train_047,train,normal,0,F:\Work\VSCode\Projects\DATASET\dataset_defects\images\train_scratch\train_047.jpg,,348,571,c886071b07070e18,aeb5aa9bac16e11631b59945ebee5e5197b106a7763f9934f9c3209af3d32977,False,
train_051,train,normal,0,F:\Work\VSCode\Projects\DATASET\dataset_defects\images\train_scratch\train_051.jpg,,386,388,72ce172b1f330707,5465f3f03a204b955d2e50b0121d3b037b09f1cad4475561291e9f8e4ba21cbd,False,
train_052,train,normal,0,F:\Work\VSCode\Projects\DATASET\dataset_defects\images\train_scratch\train_052.jpg,,487,489,b0ce27270b1b0f07,7273ea4e0c60c98d2a5567664bcd431daf2310e53bb0bfa0cbfc423b78d6927e,False,
train_053,train,normal,0,F:\Work\VSCode\Projects\DATASET\dataset_defects\images\train_scratch\train_053.jpg,,419,534,628d0e1707070686,73af03822f33db1ad8b217e5d299736eddd658fb23803f3e2ba50339eadb893c,False,
train_054,train,normal,0,F:\Work\VSCode\Projects\DATASET\dataset_defects\images\train_scratch\train_054.jpg,,433,533,628d0e1707078786,32899829c92c310d566bc5c91292d68e27cf20faab1dc038aab1fd07e746f523,False,
train_055,train,normal,0,F:\Work\VSCode\Projects\DATASET\dataset_defects\images\train_scratch\train_055.jpg,,405,554,c28c06170f07060e,f4070b1b45c0a2a0244a5e9280d5728474c6b1d4b09594e2db4642ecab7b6a70,False,
train_056,train,normal,0,F:\Work\VSCode\Projects\DATASET\dataset_defects\images\train_scratch\train_056.jpg,,397,528,e08d06170f07060e,2df84e4eddb29c399bb473016f8c4e87607c553d0b989281810dbf3dff0be477,False,
train_057,train,normal,0,F:\Work\VSCode\Projects\DATASET\dataset_defects\images\train_scratch\train_057.jpg,,393,530,618c06170707060c,11e61da3db93ccbd15186af850ccf0f9ac7f27fd1fece1e96fc50a27f7bc35f1,False,
train_061,train,normal,0,F:\Work\VSCode\Projects\DATASET\dataset_defects\images\train_scratch\train_061.jpg,,745,723,688e070b33178f83,96144a21b2053c64c0eba78ad38d1957568d00e10b9855ad29eefde4269a8be9,False,
train_062,train,normal,0,F:\Work\VSCode\Projects\DATASET\dataset_defects\images\train_scratch\train_062.jpg,,875,825,124e270f0b1b8f03,7f550a39a6a5d7e3ef2400caf8ec7a2b9a9a89e9a7a709e943d647e2542ac85f,False,
train_063,train,normal,0,F:\Work\VSCode\Projects\DATASET\dataset_defects\images\train_scratch\train_063.jpg,,758,802,d28c0f0b0f070e19,657106a64309c09e92a46cb39c50002c2cb7a0e56917f15c5044d06b6e8dc66b,False,
train_064,train,normal,0,F:\Work\VSCode\Projects\DATASET\dataset_defects\images\train_scratch\train_064.jpg,,785,838,c28c0f0b0f070f09,15805447e044a2b3edab9951adf75009316d0afe26f5d5d3984f40646db60928,False,
train_065,train,normal,0,F:\Work\VSCode\Projects\DATASET\dataset_defects\images\train_scratch\train_065.jpg,,794,764,8c0e0b0b0f060f19,b54a3ce5b347965afb73a8d6b52343715e1363b674e2c135aec2a5f51db1f590,False,
train_066,train,normal,0,F:\Work\VSCode\Projects\DATASET\dataset_defects\images\train_scratch\train_066.jpg,,798,770,8c0e0b0b0f060f19,b9e61a45d51232d0ecf1ac2925f9f417e98ced24feeb9e1131e2eb78a0d6d235,False,
train_067,train,normal,0,F:\Work\VSCode\Projects\DATASET\dataset_defects\images\train_scratch\train_067.jpg,,804,854,d28c0f0b0b0f0f19,761d59187dabb06dac21b732d3e28e4b61e8f9a9c292e71d056027a711311aae,False,
train_071,train,scratch,4,F:\Work\VSCode\Projects\DATASET\dataset_defects\images\train_scratch\train_071.jpg,F:\Work\VSCode\Projects\DATASET\dataset_defects\annotations\train_scratch\train_071.xml,639,631,6286970b2f131307,04a8094cba6f8a1c18270184fc5b09de45a8aeb2b99d8a220dd5fce485fdb03c,False,
train_072,train,scratch,3,F:\Work\VSCode\Projects\DATASET\dataset_defects\images\train_scratch\train_072.jpg,F:\Work\VSCode\Projects\DATASET\dataset_defects\annotations\train_scratch\train_072.xml,668,657,70ae27231b331b07,99862b4fc7688b71c04bea0aa42fff445a0d38fa81d2499a4a0f6f89edf2acbb,False,
train_073,train,scratch,3,F:\Work\VSCode\Projects\DATASET\dataset_defects\images\train_scratch\train_073.jpg,F:\Work\VSCode\Projects\DATASET\dataset_defects\annotations\train_scratch\train_073.xml,351,532,508c06170707060c,9599dd113cbdafb3ed36ead607f068580cf0cd250198d3749ef482dac7b9bbb0,False,
train_074,train,scratch,2,F:\Work\VSCode\Projects\DATASET\dataset_defects\images\train_scratch\train_074.jpg,F:\Work\VSCode\Projects\DATASET\dataset_defects\annotations\train_scratch\train_074.xml,337,574,508606232707061c,75b810f39e5b49d0ef4f88eda4d1e5527794c3dfec9f8114d1873dc2a7e78a47,False,
train_075,train,scratch,2,F:\Work\VSCode\Projects\DATASET\dataset_defects\images\train_scratch\train_075.jpg,F:\Work\VSCode\Projects\DATASET\dataset_defects\annotations\train_scratch\train_075.xml,344,586,508606332707060c,71b1adae0f4cbee5431c1a5623e92cd39fdb778200a57c2e8695c8c4c0394c9b,False,
train_076,train,scratch,1,F:\Work\VSCode\Projects\DATASET\dataset_defects\images\train_scratch\train_076.jpg,F:\Work\VSCode\Projects\DATASET\dataset_defects\annotations\train_scratch\train_076.xml,345,595,000e0e333317060c,1ae7939d39e7a07ad9545a7451a51a999ffdd952e0aa39d829e7904d0aec92bc,False,
train_077,train,scratch,2,F:\Work\VSCode\Projects\DATASET\dataset_defects\images\train_scratch\train_077.jpg,F:\Work\VSCode\Projects\DATASET\dataset_defects\annotations\train_scratch\train_077.xml,356,602,408e06130307060c,f3177cb1f57fca7d1e85827e188d86ba6f8ad90f007144787d45643e46552a6a,False,
train_078,train,scratch,1,F:\Work\VSCode\Projects\DATASET\dataset_defects\images\train_scratch\train_078.jpg,F:\Work\VSCode\Projects\DATASET\dataset_defects\annotations\train_scratch\train_078.xml,271,627,0307071b27231a18,23e8eab516416fed34e0d4a1e4be06fa1fd703c27302f4179f2053a4cc6957c2,False,
train_081,train,normal,0,F:\Work\VSCode\Projects\DATASET\dataset_defects\images\train_scratch\train_081.jpg,,768,747,6886170b33170f07,cc2ce84d527d510a63e7288793e80610d05a90627e4031a6ad37641615563e87,False,
train_082,train,normal,0,F:\Work\VSCode\Projects\DATASET\dataset_defects\images\train_scratch\train_082.jpg,,752,800,d28c0f0b0f0f0f19,673c01e7db783b8d7216dcfe1fb5076eb6b465dd09e95697e1c0af7fa5a3e262,False,
train_083,train,normal,0,F:\Work\VSCode\Projects\DATASET\dataset_defects\images\train_scratch\train_083.jpg,,746,810,168c0f0b0f0f0e1b,d26f919a8ee641e6b7bdf5fa71b8a6877f0947f68122e5255d4db621ed196457,False,
train_084,train,normal,0,F:\Work\VSCode\Projects\DATASET\dataset_defects\images\train_scratch\train_084.jpg,,751,804,528c0f0b0f070e19,f90e1e5605a59f37da8881e01c64142af61b7315ad6bc3ad40ee5b9b63fd6032,False,
train_085,train,normal,0,F:\Work\VSCode\Projects\DATASET\dataset_defects\images\train_scratch\train_085.jpg,,706,774,168c0f0b0f070e1a,3457473d025966081c5c549b35d14d451ddaddcbbed23517527b78239a79c4a6,False,
train_086,train,normal,0,F:\Work\VSCode\Projects\DATASET\dataset_defects\images\train_scratch\train_086.jpg,,737,801,468c0f0b0f060e0d,4d2bd14e8441fbd16f06e3780693a1f2edcd5a55f0b63c9fbaf918a6492894c0,False,
train_090,train,normal,0,F:\Work\VSCode\Projects\DATASET\dataset_defects\images\train_scratch\train_090.jpg,,867,827,118e270f0f1b8713,a37fd54c40f2de70882e8e87dfbeb051a116f8100f746808a98583f808e74256,False,
train_091,train,scratch,4,F:\Work\VSCode\Projects\DATASET\dataset_defects\images\train_scratch\train_091.jpg,F:\Work\VSCode\Projects\DATASET\dataset_defects\annotations\train_scratch\train_091.xml,499,511,618e870b0b1b0707,fe4d09d391869bc518943bc668b2c23ee795c9266176b2b079e2b101e63bd3b1,False,
train_092,train,scratch,2,F:\Work\VSCode\Projects\DATASET\dataset_defects\images\train_scratch\train_092.jpg,F:\Work\VSCode\Projects\DATASET\dataset_defects\annotations\train_scratch\train_092.xml,425,433,b08e172b2b1b0f07,01f61603dadd9a760c293cfbdedd1631fdb3ca4d87943cdcaf2383424fd08bbc,False,
train_093,train,scratch,2,F:\Work\VSCode\Projects\DATASET\dataset_defects\images\train_scratch\train_093.jpg,F:\Work\VSCode\Projects\DATASET\dataset_defects\annotations\train_scratch\train_093.xml,311,461,300c0e170f030f0e,537e0b5c4826c63f4bf1f2f607d832207e40e698166ed2e067e8927f862914ff,False,
train_094,train,scratch,1,F:\Work\VSCode\Projects\DATASET\dataset_defects\images\train_scratch\train_094.jpg,F:\Work\VSCode\Projects\DATASET\dataset_defects\annotations\train_scratch\train_094.xml,299,463,710c0e162f03070c,08a7143b6c976f26d1bb903cd0003fb366967876a5b4e3f63a3ff5ecf51be240,False,
train_095,train,scratch,1,F:\Work\VSCode\Projects\DATASET\dataset_defects\images\train_scratch\train_095.jpg,F:\Work\VSCode\Projects\DATASET\dataset_defects\annotations\train_scratch\train_095.xml,296,479,310c0e162707070c,922cc66786f04784a7d9898a50f2a8013036171f9af77cebad016b2bee088f7b,False,
train_096,train,scratch,1,F:\Work\VSCode\Projects\DATASET\dataset_defects\images\train_scratch\train_096.jpg,F:\Work\VSCode\Projects\DATASET\dataset_defects\annotations\train_scratch\train_096.xml,295,488,710d06172f07070c,8cb0ef5e0033b49fadea1b992166cd0398a99d963ce1b000014dda2615198331,False,
train_097,train,scratch,4,F:\Work\VSCode\Projects\DATASET\dataset_defects\images\train_scratch\train_097.jpg,F:\Work\VSCode\Projects\DATASET\dataset_defects\annotations\train_scratch\train_097.xml,293,493,210c0e1b2f03070c,40ee20d86bd33a0980f450c0a7688c35a64eb32e2f6e1af4cf86f40c29c15358,False,
train_099,train,scratch,1,F:\Work\VSCode\Projects\DATASET\dataset_defects\images\train_scratch\train_099.jpg,F:\Work\VSCode\Projects\DATASET\dataset_defects\annotations\train_scratch\train_099.xml,189,484,0383132f2f3b1636,eea7a3e1a7507561e42ff2dbd1b31a8ed89fd104d8a75a299fb7cb0dae63b89d,False,
train_100,train,scratch,1,F:\Work\VSCode\Projects\DATASET\dataset_defects\images\train_scratch\train_100.jpg,F:\Work\VSCode\Projects\DATASET\dataset_defects\annotations\train_scratch\train_100.xml,183,508,03030b2f2b2f3636,bf1107e959bdd87ecc5648176a6d1d7de032708fcf52b9c050da3ed6f4ec5136,False,
train_101,train,normal,0,F:\Work\VSCode\Projects\DATASET\dataset_defects\images\train_scratch\train_101.jpg,,471,473,588e17033b1b0f07,6bfe4de0b1948f3e6d9e35ee21435c13cfdb9431ab2935de72ae50d4f78e0a43,False,
train_102,train,normal,0,F:\Work\VSCode\Projects\DATASET\dataset_defects\images\train_scratch\train_102.jpg,,502,505,b48e0723131b0f07,f9391f75b4be4534328b88ce10da5499070eac8bd62278732f3e837334b087eb,False,
train_103,train,normal,0,F:\Work\VSCode\Projects\DATASET\dataset_defects\images\train_scratch\train_103.jpg,,369,516,620d0e272f03070e,85b7c82affc7a1e73363cefda00c5f8fadd3048a14e3b698f63fbc9f8bda8299,False,
train_104,train,normal,0,F:\Work\VSCode\Projects\DATASET\dataset_defects\images\train_scratch\train_104.jpg,,366,531,300c0e270703078e,67ea916bfbf4e5cbb37f390d5c4bf444ea4bc1e2a77ab0671ae396cac7078094,False,
train_105,train,normal,0,F:\Work\VSCode\Projects\DATASET\dataset_defects\images\train_scratch\train_105.jpg,,385,548,228c0e1707030786,b36a12bbd25cc5f84cb0f8cc0e03d2e96919f74cba65e88114fd2988c23fbee6,False,
train_106,train,normal,0,F:\Work\VSCode\Projects\DATASET\dataset_defects\images\train_scratch\train_106.jpg,,372,543,220c06070303078e,2d8d81c0557bc87a6b63ec22f7780eff9581bf2d606325fe232e2d86dec877cf,False,
train_107,train,normal,0,F:\Work\VSCode\Projects\DATASET\dataset_defects\images\train_scratch\train_107.jpg,,367,538,600c0e272703078c,edaf89bad4c34bda0119d8bb6dae8934c0c5770762e40d7cfd193817dbaa6d36,False,
train_111,train,scratch,4,F:\Work\VSCode\Projects\DATASET\dataset_defects\images\train_scratch\train_111.jpg,F:\Work\VSCode\Projects\DATASET\dataset_defects\annotations\train_scratch\train_111.xml,490,494,50ce272b0b1b0f87,95d1c87c17f7fcbff3c4ba9632293e03d9b87b02726219916d3e87b5dfb3635c,False,
train_112,train,scratch,2,F:\Work\VSCode\Projects\DATASET\dataset_defects\images\train_scratch\train_112.jpg,F:\Work\VSCode\Projects\DATASET\dataset_defects\annotations\train_scratch\train_112.xml,574,571,208e87070b1b078f,46f7dbae5ebeb90cf8f1bfbf1e36071a8cd13584517ec076cb63f0cc20b79447,False,
train_113,train,scratch,1,F:\Work\VSCode\Projects\DATASET\dataset_defects\images\train_scratch\train_113.jpg,F:\Work\VSCode\Projects\DATASET\dataset_defects\annotations\train_scratch\train_113.xml,392,491,609c0e270f070786,628588bb527b6befee88c68e0db02057314b190d649f998754ffc97082b526ad,False,
train_114,train,scratch,2,F:\Work\VSCode\Projects\DATASET\dataset_defects\images\train_scratch\train_114.jpg,F:\Work\VSCode\Projects\DATASET\dataset_defects\annotations\train_scratch\train_114.xml,392,492,618d0e2737138f86,0a74706e98516183e8a1c047493056836e5845310de6b0279a25dddecbb3b708,False,
train_115,train,scratch,1,F:\Work\VSCode\Projects\DATASET\dataset_defects\images\train_scratch\train_115.jpg,F:\Work\VSCode\Projects\DATASET\dataset_defects\annotations\train_scratch\train_115.xml,395,490,c08c0e2727030786,db8b4fdc16fc8927e21a6d5129261f7269e850a9068a8f6081342d366efd5250,False,
train_116,train,normal,0,F:\Work\VSCode\Projects\DATASET\dataset_defects\images\train_scratch\train_116.jpg,,407,508,e08c063707130786,2e2acd685536a055eee420d3cf47d997244c0b102fa5c19eaf86ab9aecb6647f,False,
train_117,train,scratch,2,F:\Work\VSCode\Projects\DATASET\dataset_defects\images\train_scratch\train_117.jpg,F:\Work\VSCode\Projects\DATASET\dataset_defects\annotations\train_scratch\train_117.xml,408,527,608c0e3707070686,2673dbe2c3e3bef8826aeb5e6cbea4f7dd63c662fd86261926181bb3e4e029b9,False,
train_118,train,scratch,1,F:\Work\VSCode\Projects\DATASET\dataset_defects\images\train_scratch\train_118.jpg,F:\Work\VSCode\Projects\DATASET\dataset_defects\annotations\train_scratch\train_118.xml,281,561,0c0c0e2e07130f0c,9463471c1b908e0518654be2220b5e1ea5cdc0a61f35f61898a591d53ce49cba,False,
train_120,train,scratch,1,F:\Work\VSCode\Projects\DATASET\dataset_defects\images\train_scratch\train_120.jpg,F:\Work\VSCode\Projects\DATASET\dataset_defects\annotations\train_scratch\train_120.xml,233,573,0206062b2f07171a,59db701b2613047c9eb86795494075ea450334334ed741fccb69d8102a975ff0,False,
train_121,train,normal,0,F:\Work\VSCode\Projects\DATASET\dataset_defects\images\train_scratch\train_121.jpg,,767,745,208f070b23078f41,7675ec20770be73032a012e0c72cca13483c5d6cff8f11ee7e5f800ec1d04a55,False,
train_122,train,normal,0,F:\Work\VSCode\Projects\DATASET\dataset_defects\images\train_scratch\train_122.jpg,,692,677,608f0f2b090d0b05,442d5af9a4694bdd14a3306846c69fe67f0f9677dfe21aaae727dfc0788378af,False,
train_123,train,normal,0,F:\Work\VSCode\Projects\DATASET\dataset_defects\images\train_scratch\train_123.jpg,,744,763,649e1f0f0f068e8e,778bf3faf5ac18564349abba4ecb0b0d5f611ab3e15e1cde610437bd11b4151d,False,
train_124,train,normal,0,F:\Work\VSCode\Projects\DATASET\dataset_defects\images\train_scratch\train_124.jpg,,712,737,649e1f0b0f068e8e,9c7791dfb0151331006132a7ed7ba909635567cf7a42b2d785662fa6f5e3b0ad,False,
train_125,train,normal,0,F:\Work\VSCode\Projects\DATASET\dataset_defects\images\train_scratch\train_125.jpg,,751,783,648e0f0b0f068e9d,3b92470ed4c1e6a929de20dc3b82f58b2305857b5d8fadfebce4c7d003d81b9d,False,
train_126,train,normal,0,F:\Work\VSCode\Projects\DATASET\dataset_defects\images\train_scratch\train_126.jpg,,737,764,241e1f0b0f068e8e,e4d3fcf20fc5a1f0d62fd612f516f56948d0fb0f5b8e1b473b522d341660ab4b,False,
train_127,train,normal,0,F:\Work\VSCode\Projects\DATASET\dataset_defects\images\train_scratch\train_127.jpg,,792,812,649e1f0b0f068e4e,2d6b742451eaa543a933c5ad7199d2a1842b456a2adaebadfa9393ef2510f5a9,False,
train_131,train,normal,0,F:\Work\VSCode\Projects\DATASET\dataset_defects\images\train_scratch\train_131.jpg,,429,428,200f1f0d0d078743,a393a956ec6aca002754fd90c97a1af0c35ba56dbfbd422202284afd14875790,False,
train_132,train,normal,0,F:\Work\VSCode\Projects\DATASET\dataset_defects\images\train_scratch\train_132.jpg,,474,483,608f1b0d09078761,d7e63200aaa97199184e82df20be1c9e4ea585220191662dc7ba9d4e9cdfdc84,False,
train_133,train,normal,0,F:\Work\VSCode\Projects\DATASET\dataset_defects\images\train_scratch\train_133.jpg,,451,299,618e132307078fc1,79d2801c0d172f89643d804a1fadf86cef40c89d3da8ce468f3fc17a7b76b8ab,False,
train_134,train,normal,0,F:\Work\VSCode\Projects\DATASET\dataset_defects\images\train_scratch\train_134.jpg,,493,327,618e1723070787c1,66a41f3f2e656d8434cac929b0514db8d2edc4dc0ef8dd24a9a59308b9840591,False,
train_135,train,normal,0,F:\Work\VSCode\Projects\DATASET\dataset_defects\images\train_scratch\train_135.jpg,,470,338,708e172307078fe0,ffcf86765e8adb6aa49eb28b704af1efcf295235a59585945049c469fc6470ef,False,
train_136,train,normal,0,F:\Work\VSCode\Projects\DATASET\dataset_defects\images\train_scratch\train_136.jpg,,477,339,708e1723070f8fc1,0041063c1c7e0050a746253f8114e6b4d382d06afde25928bb44f873432d2ce4,False,
train_137,train,normal,0,F:\Work\VSCode\Projects\DATASET\dataset_defects\images\train_scratch\train_137.jpg,,481,337,308e132307078fc1,b7b25d8f1174de0f94d07dc5bc269e3285d4baf9fdc66b8922fd3f8338c4ecb0,False,
train_141,train,normal,0,F:\Work\VSCode\Projects\DATASET\dataset_defects\images\train_scratch\train_141.jpg,,411,420,048f1b0d0b0787e0,6d8fcc7fa975824d95badd784b2c678ad7f61e504eb45432d23c5076b8bb239b,False,
train_142,train,normal,0,F:\Work\VSCode\Projects\DATASET\dataset_defects\images\train_scratch\train_142.jpg,,487,506,208f1f2d0b078760,f98737cd31208e97bee00fc70960387bfcdf86ab80d60450539b6d6a178a6e56,False,
train_143,train,normal,0,F:\Work\VSCode\Projects\DATASET\dataset_defects\images\train_scratch\train_143.jpg,,463,354,318e172327078fc1,ca773c027c9a43f8a76dad7f05185fc58776733d4e1c76b79880ab5918dbcc07,False,
train_144,train,normal,0,F:\Work\VSCode\Projects\DATASET\dataset_defects\images\train_scratch\train_144.jpg,,477,344,31ce132327178fc0,51378e7407ff14ee550c888b665d10be24f1e1df94c64b8e3a7fbf3285c4a4cc,False,
train_145,train,normal,0,F:\Work\VSCode\Projects\DATASET\dataset_defects\images\train_scratch\train_145.jpg,,480,340,30c6132307078fc0,5c7e8437204a1cc31a9d56d47d2a4261cda7629da2475e62a53c5191fb143e9f,False,
train_146,train,normal,0,F:\Work\VSCode\Projects\DATASET\dataset_defects\images\train_scratch\train_146.jpg,,472,339,318e1b2327078fc0,c4e86f2e16f3b10e376288ba6c2815f97333dfcd5825a2f9b52ed3ac17add1db,False,
train_147,train,normal,0,F:\Work\VSCode\Projects\DATASET\dataset_defects\images\train_scratch\train_147.jpg,,479,325,218e132327078fc1,bd12b1aeeec759bb38dae868efc4411932cc1d7498031ad2400c162406e8fbfd,False,
train_151,train,scratch,2,F:\Work\VSCode\Projects\DATASET\dataset_defects\images\train_scratch\train_151.jpg,F:\Work\VSCode\Projects\DATASET\dataset_defects\annotations\train_scratch\train_151.xml,471,480,000f070d0b078740,d104fe6a6df41c54b769b5cc67790888c59527d56b7d2d65cba4f8103442faa0,False,
train_152,train,scratch,3,F:\Work\VSCode\Projects\DATASET\dataset_defects\images\train_scratch\train_152.jpg,F:\Work\VSCode\Projects\DATASET\dataset_defects\annotations\train_scratch\train_152.xml,546,546,068b0909090787e0,583f37461a33227c97a0aada4fd99675eae3386b4866d38cafc15e6782b48a4f,False,
train_153,train,scratch,1,F:\Work\VSCode\Projects\DATASET\dataset_defects\images\train_scratch\train_153.jpg,F:\Work\VSCode\Projects\DATASET\dataset_defects\annotations\train_scratch\train_153.xml,490,331,218e172327178fc1,b4e6195e863bf08df35412449185867ffb1dc1ed0a6e2ac1d3575c0faf726ba6,False,
train_154,train,scratch,1,F:\Work\VSCode\Projects\DATASET\dataset_defects\images\train_scratch\train_154.jpg,F:\Work\VSCode\Projects\DATASET\dataset_defects\annotations\train_scratch\train_154.xml,487,309,308613270b178fc1,535e5f76d6e4000308217c8284da25fd51ff997ad379fd6393baaa3085d6cf6f,False,
train_155,train,scratch,1,F:\Work\VSCode\Projects\DATASET\dataset_defects\images\train_scratch\train_155.jpg,F:\Work\VSCode\Projects\DATASET\dataset_defects\annotations\train_scratch\train_155.xml,496,319,6086132313178fc5,8f435cf287f419ddd58fe6d2f2d8ff2f0b02f3a46f39f38aa100103b845aa05d,False,
train_156,train,scratch,1,F:\Work\VSCode\Projects\DATASET\dataset_defects\images\train_scratch\train_156.jpg,F:\Work\VSCode\Projects\DATASET\dataset_defects\annotations\train_scratch\train_156.xml,486,319,618e132737178fc5,2f17bc5843ad2770563c6725fa96a56d8f2771b95e4e951a23edd4e7aa3cd8dc,False,
train_157,train,normal,0,F:\Work\VSCode\Projects\DATASET\dataset_defects\images\train_scratch\train_157.jpg,,496,343,618e132727178fc0,6b6e5b856e7f99fdb3fd0c4ba476d5cd3a4faf65cbcf399d91f19a361c82a254,False,
train_158,train,normal,0,F:\Work\VSCode\Projects\DATASET\dataset_defects\images\train_scratch\train_158.jpg,,521,222,0007333307078f8f,d6d8661a03c67673580cc6e25b432fc6e9e5c17050b59c74ff2800d9fe0fe109,False,
train_159,train,scratch,1,F:\Work\VSCode\Projects\DATASET\dataset_defects\images\train_scratch\train_159.jpg,F:\Work\VSCode\Projects\DATASET\dataset_defects\annotations\train_scratch\train_159.xml,536,229,0007032303178f8f,ef86e85116dc94f5c33de0d7d55479ed42fee945090e88dc7d03fd38bad74f0f,False,
train_160,train,scratch,1,F:\Work\VSCode\Projects\DATASET\dataset_defects\images\train_scratch\train_160.jpg,F:\Work\VSCode\Projects\DATASET\dataset_defects\annotations\train_scratch\train_160.xml,528,225,000f372707178f8f,60b92a8c8201ecdb9891b31ab57ec244f32b50a588ae5c6fdc31c53e6f45b48a,False,
train_161,train,normal,0,F:\Work\VSCode\Projects\DATASET\dataset_defects\images\train_scratch\train_161.jpg,,529,543,600f0d0d0f078700,85c2d85f91cc42c515861c27b5296943e1ffbfd3cca62942235460c64bf051a9,False,
train_162,train,normal,0,F:\Work\VSCode\Projects\DATASET\dataset_defects\images\train_scratch\train_162.jpg,,652,647,200f0f0d0b078740,5a5620b28ce0f9338eb2548f35f95171843b391b0d650fea6d6e49f22add92aa,False,
train_163,train,normal,0,F:\Work\VSCode\Projects\DATASET\dataset_defects\images\train_scratch\train_163.jpg,,573,432,608e1f2303078763,b2bbbca14393dd856326a9d41c4e670eed671c251c15c6d54f8ab8e1e5829ef4,False,
train_164,train,normal,0,F:\Work\VSCode\Projects\DATASET\dataset_defects\images\train_scratch\train_164.jpg,,561,429,608e1f2323078f40,769875c2fe3c99a0238df8067c8bfc2d1a0fa504a44aeabdfd2802c554076ba4,False,
train_165,train,normal,0,F:\Work\VSCode\Projects\DATASET\dataset_defects\images\train_scratch\train_165.jpg,,585,452,618e1f2323078f60,d7e2bbacc22f03d6c6193c8356f8b9a87bf68f62061cfe859c51dcd47e245a5b,False,
train_166,train,normal,0,F:\Work\VSCode\Projects\DATASET\dataset_defects\images\train_scratch\train_166.jpg,,576,443,618e172323078f40,7775bfc8aad8a809a688b671c8829743cddeb8a269b3a63243e2e4de9a0b1421,False,
train_167,train,normal,0,F:\Work\VSCode\Projects\DATASET\dataset_defects\images\train_scratch\train_167.jpg,,571,451,618e1f2323078f62,98d7aeffc6e6f1806dc55938423f9136d97fa080f6110001f9f9716d5202c8a8,False,
train_171,train,normal,0,F:\Work\VSCode\Projects\DATASET\dataset_defects\images\train_scratch\train_171.jpg,,552,554,248b0f2d0b078f60,62ecf00354253847bea67baf352df67e01de9451f483909e08f3f9eccabce2df,False,
train_172,train,normal,0,F:\Work\VSCode\Projects\DATASET\dataset_defects\images\train_scratch\train_172.jpg,,550,556,000f0f0d0b078f60,36d440cf13f1003af1d0b1356ea02f8bbd381aaf526b9ada4bbeb5a3b8c2e44a,False,
train_173,train,normal,0,F:\Work\VSCode\Projects\DATASET\dataset_defects\images\train_scratch\train_173.jpg,,545,372,608e172307078fc1,2d9170f6f46bf920d81e4768efc75b491c230962a3a098613fd355f1baabaf7b,False,
train_174,train,normal,0,F:\Work\VSCode\Projects\DATASET\dataset_defects\images\train_scratch\train_174.jpg,,549,409,318e132327078fc0,beb202b331aa12ec7f3fadaf890a22d5390208408b422629dda4e9f44ea8a181,False,
train_175,train,normal,0,F:\Work\VSCode\Projects\DATASET\dataset_defects\images\train_scratch\train_175.jpg,,536,376,618e132327178fc0,371c836159443acae62289f18dcd59f2ba6fdaa925304ec8be0c2139d6ee2f05,False,
train_176,train,normal,0,F:\Work\VSCode\Projects\DATASET\dataset_defects\images\train_scratch\train_176.jpg,,557,394,318e132327078fc0,bad354ae221ca57ff6b4df49c8c7c17dc99177cfcf7a4dee9419aa5a711af347,False,
train_177,train,normal,0,F:\Work\VSCode\Projects\DATASET\dataset_defects\images\train_scratch\train_177.jpg,,554,393,2186132327078fc0,e7cfb99f8a2e9e961bff3c5f4af5c0be0be087626733d9558783ccc73f5d11c6,False,
train_181,train,normal,0,F:\Work\VSCode\Projects\DATASET\dataset_defects\images\train_scratch\train_181.jpg,,729,719,608f170b03078fe0,77578090d171feac3d3c368d7758d0e861d92bb63202d8d17279e3b197177afd,False,
train_182,train,normal,0,F:\Work\VSCode\Projects\DATASET\dataset_defects\images\train_scratch\train_182.jpg,,821,805,020e070f0f0f0f01,12337fb4af73f9e6f03c82a7c28bee6771a7cc6280473e105252ea553547f15e,False,
train_183,train,normal,0,F:\Work\VSCode\Projects\DATASET\dataset_defects\images\train_scratch\train_183.jpg,,664,540,601e0f23170f07a0,7de9f498274c0999f5945783b72fb1ad6b8a3d18b0b26e661d84f10e18c17cc8,False,
train_184,train,normal,0,F:\Work\VSCode\Projects\DATASET\dataset_defects\images\train_scratch\train_184.jpg,,701,570,608f1b23070f0761,fa85d50b4ba1932fe67a359e04c75bf4b760c29d0910282b2fb4cf92bc35c545,False,
train_185,train,normal,0,F:\Work\VSCode\Projects\DATASET\dataset_defects\images\train_scratch\train_185.jpg,,749,601,e08f0b2317070761,97a5370b64797d767adfb9495662f685569570c986bfcf24ab77598c7d2d94ff,False,
train_186,train,normal,0,F:\Work\VSCode\Projects\DATASET\dataset_defects\images\train_scratch\train_186.jpg,,750,597,e48f1b2313070721,dbb69db087343b27a6164abd53bd27d8d027706bebe194bab1cee22e096a50ff,False,
train_187,train,normal,0,F:\Work\VSCode\Projects\DATASET\dataset_defects\images\train_scratch\train_187.jpg,,749,607,608f1b2307070761,86d5d6ca17eb6031c11ee1e0499dafa3507117f8a4200d1e49ec6942dfe6b663,False,
train_191,train,normal,0,F:\Work\VSCode\Projects\DATASET\dataset_defects\images\train_scratch\train_191.jpg,,636,629,608f130b03078f60,d51f7ca4e54a031a95c8ea3ca730bdf3f2b61158bb07db394f2b51744852eed7,False,
train_192,train,normal,0,F:\Work\VSCode\Projects\DATASET\dataset_defects\images\train_scratch\train_192.jpg,,707,690,218e1f0d0f070c60,e8059c5e29789a72e003c4c303d5bb5a2f5cb51e4835fd9aa735efbceb5e3b1a,False,
train_193,train,normal,0,F:\Work\VSCode\Projects\DATASET\dataset_defects\images\train_scratch\train_193.jpg,,681,573,618f1f2b070f0f20,f2218443eb2e196f8d0acafce1515dfbd6a538891205e3b074af19c3f4656cf8,False,
train_194,train,normal,0,F:\Work\VSCode\Projects\DATASET\dataset_defects\images\train_scratch\train_194.jpg,,642,543,618e1f2b070f0f60,6c2268fe089542cd93720ddfb17dfeed7d44684bc02608e162957ff6e4df63e6,False,
train_195,train,normal,0,F:\Work\VSCode\Projects\DATASET\dataset_defects\images\train_scratch\train_195.jpg,,649,545,618e172b07070760,f836174eb125c7f7145201bd622142ecb5e0c3674a49741662b9dc071eeec391,False,
train_196,train,normal,0,F:\Work\VSCode\Projects\DATASET\dataset_defects\images\train_scratch\train_196.jpg,,629,537,608e172b070f0760,76acbeb5757509c99956660d48f17afb12d1502cfa3e07bca43baff1c7303bf6,False,
train_197,train,normal,0,F:\Work\VSCode\Projects\DATASET\dataset_defects\images\train_scratch\train_197.jpg,,654,553,608e1f2b07070f00,8a4e1b0fc1c7764fe6e17074f65579f7ddc375ca3dc1f745c5353b5dac6529b5,False,
train_198,train,normal,0,F:\Work\VSCode\Projects\DATASET\dataset_defects\images\train_scratch\train_198.jpg,,673,572,608f1f0b07070f40,0f6ada1e35bd1f3dadcc347455d387a87b36a16e7925b89a79347e84b17f89ff,False,
train_202,train,scratch,3,F:\Work\VSCode\Projects\DATASET\dataset_defects\images\train_scratch\train_202.jpg,F:\Work\VSCode\Projects\DATASET\dataset_defects\annotations\train_scratch\train_202.xml,453,464,2087130d0f038fe0,ee21464e5abcc5b6533a00814a42d300bba53afc261f130b9ab61304808028dd,False,
train_203,train,scratch,2,F:\Work\VSCode\Projects\DATASET\dataset_defects\images\train_scratch\train_203.jpg,F:\Work\VSCode\Projects\DATASET\dataset_defects\annotations\train_scratch\train_203.xml,518,528,20070f0d0b0f8fe0,8c64e9206097fef45114e810575c9b6b1397c596015669da015def55df5b9248,False,
train_204,train,scratch,4,F:\Work\VSCode\Projects\DATASET\dataset_defects\images\train_scratch\train_204.jpg,F:\Work\VSCode\Projects\DATASET\dataset_defects\annotations\train_scratch\train_204.xml,462,368,608e1f2b331387e1,ea907be4f2fe84b836b9f9b06df77d55f0901e609669ff1e04a7ddf2a515050b,False,
train_205,train,scratch,3,F:\Work\VSCode\Projects\DATASET\dataset_defects\images\train_scratch\train_205.jpg,F:\Work\VSCode\Projects\DATASET\dataset_defects\annotations\train_scratch\train_205.xml,462,363,618e1f23370f87e1,b46549ab4746861b9966a902633d82fcab64e5293acf62ce199b17f8e7249b1a,False,
train_206,train,scratch,2,F:\Work\VSCode\Projects\DATASET\dataset_defects\images\train_scratch\train_206.jpg,F:\Work\VSCode\Projects\DATASET\dataset_defects\annotations\train_scratch\train_206.xml,465,360,618e1f2303178fe1,7c4e1798e61fb13006cb48513d84fb9e828d3e808d669c1f1a45c59f4733dc1f,False,
train_207,train,scratch,1,F:\Work\VSCode\Projects\DATASET\dataset_defects\images\train_scratch\train_207.jpg,F:\Work\VSCode\Projects\DATASET\dataset_defects\annotations\train_scratch\train_207.xml,467,375,30ce0f23231387e3,8e746cd49e0f40d76600a618a289e5b5675ec23874c5873173b69d72cfcde81f,False,
train_208,train,scratch,3,F:\Work\VSCode\Projects\DATASET\dataset_defects\images\train_scratch\train_208.jpg,F:\Work\VSCode\Projects\DATASET\dataset_defects\annotations\train_scratch\train_208.xml,470,384,618e1323230787e1,60827802808213cd023167a20c351bb370ceeb47edf17417d480f8612ef0ee09,False,
train_209,train,scratch,1,F:\Work\VSCode\Projects\DATASET\dataset_defects\images\train_scratch\train_209.jpg,F:\Work\VSCode\Projects\DATASET\dataset_defects\annotations\train_scratch\train_209.xml,444,193,2087232717078fc7,7f08480e42bc73215c06149b890875621a81c569e00f4f16fd650ae56edae8e4,False,
train_210,train,scratch,1,F:\Work\VSCode\Projects\DATASET\dataset_defects\images\train_scratch\train_210.jpg,F:\Work\VSCode\Projects\DATASET\dataset_defects\annotations\train_scratch\train_210.xml,458,198,608e33270b078fc3,c67b0a4ab409e87d6e25bde81ae74b6b647fbb04a688f82171909507e0a371fd,False,
train_212,train,normal,0,F:\Work\VSCode\Projects\DATASET\dataset_defects\images\train_scratch\train_212.jpg,,517,522,248f0f0d0b0787e0,e64692032a6a1500931b96ce5447faa4851d2758c97b2d2ab4628eb063631cf9,False,
train_213,train,normal,0,F:\Work\VSCode\Projects\DATASET\dataset_defects\images\train_scratch\train_213.jpg,,497,504,2807070f0b0787e0,59fdfdfd1e656fc64c4bdbe4e2be96dfe8652c6f7fe0ef0a92049a4e218a114d,False,
train_214,train,normal,0,F:\Work\VSCode\Projects\DATASET\dataset_defects\images\train_scratch\train_214.jpg,,466,356,618e1f23070787e1,c3b687c763aa56b90acb3fc267e9344b10b6d818801c02c47f4373ae6d80880f,False,
train_215,train,normal,0,F:\Work\VSCode\Projects\DATASET\dataset_defects\images\train_scratch\train_215.jpg,,457,354,618e1723070787c1,926899ded51d5ff89839956b20f39684881c03f107de9c91964c156914f85fef,False,
train_216,train,normal,0,F:\Work\VSCode\Projects\DATASET\dataset_defects\images\train_scratch\train_216.jpg,,457,346,618e1723070787c1,346bd53418514ec458861ed698aa4ccdc4dafea9aa2f9f901fe26c733e245c39,False,
train_217,train,normal,0,F:\Work\VSCode\Projects\DATASET\dataset_defects\images\train_scratch\train_217.jpg,,460,344,618e1723070f8741,e71b9266f5dbd9a4aa69f0844124b4787f1b29e7be1ff20c7f743fde74075080,False,
train_218,train,normal,0,F:\Work\VSCode\Projects\DATASET\dataset_defects\images\train_scratch\train_218.jpg,,450,340,618e1723270f8fc1,80a0c211981c8dbc86da296e35a06a6a5428c17204cce688e145616f559cae06,False,
train_222,train,normal,0,F:\Work\VSCode\Projects\DATASET\dataset_defects\images\train_scratch\train_222.jpg,,470,481,420f0b0d0d078760,173c16c33a15c5dc58a68561dbb2ca69a9e3b35973d544771b7d3a03cd9edd2f,False,
train_223,train,normal,0,F:\Work\VSCode\Projects\DATASET\dataset_defects\images\train_scratch\train_223.jpg,,537,534,208f0f0d0d078f60,6e9b1c5e5da39aed201ad506dc0db4869263b1f7cbf15eac857172166b031c43,False,
train_224,train,normal,0,F:\Work\VSCode\Projects\DATASET\dataset_defects\images\train_scratch\train_224.jpg,,515,339,608e1723070787c3,d06bdec9467693e89aa4be29654cef53d6d03cac563d30306cd3a1de0763d2bb,False,
train_225,train,normal,0,F:\Work\VSCode\Projects\DATASET\dataset_defects\images\train_scratch\train_225.jpg,,507,328,618e132317078fc3,c5e0da257c5fea4c7373dfa1add1188981a18e49e7ca97a4bf3dbe6a625fb90b,False,
train_226,train,normal,0,F:\Work\VSCode\Projects\DATASET\dataset_defects\images\train_scratch\train_226.jpg,,508,327,618e132307078fc1,176c48aecb2947c01471a6862d0895f4f8467cb765f9622edaf9afb76005863e,False,
train_227,train,normal,0,F:\Work\VSCode\Projects\DATASET\dataset_defects\images\train_scratch\train_227.jpg,,520,335,618e1323070f87c3,a1948e98247a4e7d05a53a654e6b12076eb4152b53f70c5b9134da6f5f979ead,False,
train_228,train,normal,0,F:\Work\VSCode\Projects\DATASET\dataset_defects\images\train_scratch\train_228.jpg,,533,336,608e132307078fc1,97338bbfe52af35694b11e4c26fee62c7fc58c3efa42812e633066c00a879607,False,
train_232,train,normal,0,F:\Work\VSCode\Projects\DATASET\dataset_defects\images\train_scratch\train_232.jpg,,657,649,e08f170b03078fe1,560602d5a8f83fcccbff340e04ae720b5121a3e573f23fb2f4583fcf5efcf468,False,
train_233,train,normal,0,F:\Work\VSCode\Projects\DATASET\dataset_defects\images\train_scratch\train_233.jpg,,776,753,210c0f0e0f0f0c00,0392d979e3921598195275279cfa1d456e9eef5c49b589a0140defc253b9e27b,False,
train_234,train,normal,0,F:\Work\VSCode\Projects\DATASET\dataset_defects\images\train_scratch\train_234.jpg,,613,558,200e8f230f138f69,504923b7bd451a0dbb705eb3f9550fc75bedeb7b7531e699d1c3eb4164fee257,False,
train_235,train,normal,0,F:\Work\VSCode\Projects\DATASET\dataset_defects\images\train_scratch\train_235.jpg,,628,573,e30d9f230f0787e8,9525a99892d24e979e8620420b08a7764c418b3d99b6365f5af6468fffb2f8db,False,
train_236,train,normal,0,F:\Work\VSCode\Projects\DATASET\dataset_defects\images\train_scratch\train_236.jpg,,604,540,600d8f230f138fe9,3d9101d841857b0c2d5376061c5385a31576c31074b7f1a4430e4ae7291e0c3b,False,
train_237,train,normal,0,F:\Work\VSCode\Projects\DATASET\dataset_defects\images\train_scratch\train_237.jpg,,628,560,200d8f230f138fe1,e481ed67dd138f7b05baffdb562a957374c4b9a58e59ac90a52e8cd58f0387c9,False,
train_238,train,normal,0,F:\Work\VSCode\Projects\DATASET\dataset_defects\images\train_scratch\train_238.jpg,,642,578,600d8f230f1387c9,16c90d20706a3cf127d5a89b6fedd2ef22a9762839da17a4d9b3510d8f76345f,False,
train_242,train,normal,0,F:\Work\VSCode\Projects\DATASET\dataset_defects\images\train_scratch\train_242.jpg,,655,653,210e0f0c0d0f8400,7144a0934d2de5948edbf8a2bff0eeba65933ecfa456dc073a977394abfbd34a,False,
train_243,train,normal,0,F:\Work\VSCode\Projects\DATASET\dataset_defects\images\train_scratch\train_243.jpg,,773,737,210f0f0f0b0f8d00,855da0a38217a4faf3a550e377834f54317347fc616141399ca91a653dfb1853,False,
train_244,train,normal,0,F:\Work\VSCode\Projects\DATASET\dataset_defects\images\train_scratch\train_244.jpg,,583,533,400e0b0303078ee0,b27ef55eaaec73a2f951a9ad9c99b69d47bda1a2af7d00bb22ac2c81ad88a6a9,False,
train_245,train,normal,0,F:\Work\VSCode\Projects\DATASET\dataset_defects\images\train_scratch\train_245.jpg,,605,554,618e0b0307078660,cd0db9f5d3e2e9cb7695315e78a6a0e3eaa522dbac5d2e4656f7cca5b23e4d3a,False,
train_246,train,normal,0,F:\Work\VSCode\Projects\DATASET\dataset_defects\images\train_scratch\train_246.jpg,,609,571,618e1b2317078660,52de5d7706c4667c5af0228a35e4cb25e44fc48d3eca26385e0dcec2761ae284,False,
train_247,train,normal,0,F:\Work\VSCode\Projects\DATASET\dataset_defects\images\train_scratch\train_247.jpg,,621,570,410f0b0303078ee0,a483fe1a8df6ac9677e8956d36e0a0e70bd3e47be1bfb238814bd0e2c8be96c7,False,
train_248,train,normal,0,F:\Work\VSCode\Projects\DATASET\dataset_defects\images\train_scratch\train_248.jpg,,677,599,618f0b2707078e40,323e57915ae7cfc4c3f00cc1885e2621b779ff948262791d21250f5f6f8b97f7,False,
train_252,train,normal,0,F:\Work\VSCode\Projects\DATASET\dataset_defects\images\train_scratch\train_252.jpg,,376,389,208f0f0d0f078722,f347a958ac0625790be8bee93b01360e438ffec5032caa96ed66f738bd0eee1a,False,
train_253,train,normal,0,F:\Work\VSCode\Projects\DATASET\dataset_defects\images\train_scratch\train_253.jpg,,424,434,200f0f2d0f078740,dc191a691de46232b08d30c3548c3b74271197568f856fbfd636abd152cd835c,False,
train_254,train,normal,0,F:\Work\VSCode\Projects\DATASET\dataset_defects\images\train_scratch\train_254.jpg,,427,279,409e1f231b0787e3,4e470c5ddf881e7526daed186cfc0ffdcd0d046b640db60a9d63a8a513222125,False,
train_255,train,normal,0,F:\Work\VSCode\Projects\DATASET\dataset_defects\images\train_scratch\train_255.jpg,,434,284,618e172303078f61,ecf8e741ebdbe8ea15e934d1dcb61ac35c8de2b69134783db243a9b21d4f4afc,False,
train_256,train,normal,0,F:\Work\VSCode\Projects\DATASET\dataset_defects\images\train_scratch\train_256.jpg,,445,295,699e1323170787e1,49b1e6b27f7437cb5b710eb98b14beecad82d6369e71b8ff8606e03928a320b5,False,
train_257,train,normal,0,F:\Work\VSCode\Projects\DATASET\dataset_defects\images\train_scratch\train_257.jpg,,446,301,6186172327078fc1,716c707d97171a3dbd8da4d1471e0e3f6438ad719f2673ee20d4aa9d912f4c10,False,
train_258,train,normal,0,F:\Work\VSCode\Projects\DATASET\dataset_defects\images\train_scratch\train_258.jpg,,432,295,618e172313078fe1,7a84ae85162a679f9c49b6c8ad4c29ad89a2c20f473cb0649c94d1a7f6dda74b,False,
train_262,train,normal,0,F:\Work\VSCode\Projects\DATASET\dataset_defects\images\train_scratch\train_262.jpg,,361,371,220f1b0d0b078741,c68872c152a1572c27493c7e63c2463a372c17ede2893e41cc2ee7da936007a1,False,
train_263,train,normal,0,F:\Work\VSCode\Projects\DATASET\dataset_defects\images\train_scratch\train_263.jpg,,417,422,200f070b0b0f8f60,04f9b536ff58483d05f5ea69a7d2a5798c63e86196f66e86ef19c43324be9419,False,
train_264,train,normal,0,F:\Work\VSCode\Projects\DATASET\dataset_defects\images\train_scratch\train_264.jpg,,406,290,618e1f23070787e3,3d4622c26458eabf09cca2443733a0d6b38ffe0d49ef5d86c27da9d8fd210987,False,
train_265,train,normal,0,F:\Work\VSCode\Projects\DATASET\dataset_defects\images\train_scratch\train_265.jpg,,403,297,618e172307078fe1,87e63aecaf1a1373df825355233610977180d8ff6335c3a10a984a56159b7245,False,
train_266,train,normal,0,F:\Work\VSCode\Projects\DATASET\dataset_defects\images\train_scratch\train_266.jpg,,407,312,718e1f2307078fe1,5b8d4777730f91eb41152f6d394f8cb7e44b0f3c7146d5dc7f9e447a61bcbbcf,False,
train_267,train,normal,0,F:\Work\VSCode\Projects\DATASET\dataset_defects\images\train_scratch\train_267.jpg,,413,313,618e172307078fc1,db78ae7c164aaa58c95806dff4804170b4bbdd90e3a040e63ca2a81d30ba9b67,False,
train_268,train,normal,0,F:\Work\VSCode\Projects\DATASET\dataset_defects\images\train_scratch\train_268.jpg,,424,323,318e1f23070787e1,ed322dc26b069ea7c2a0670abb47caa143714676e57c266451a84a35489b038e,False,
train_271,train,scratch,3,F:\Work\VSCode\Projects\DATASET\dataset_defects\images\train_scratch\train_271.jpg,F:\Work\VSCode\Projects\DATASET\dataset_defects\annotations\train_scratch\train_271.xml,392,415,600f17090f078760,4faf0fa41de134928c3492a561640d3cccfbed2453a1fe32b3147a1d370b55fe,False,
train_272,train,scratch,1,F:\Work\VSCode\Projects\DATASET\dataset_defects\images\train_scratch\train_272.jpg,F:\Work\VSCode\Projects\DATASET\dataset_defects\annotations\train_scratch\train_272.xml,465,468,000f0f0d0d0f8f60,e61db58b89815be56c11fb27d77078fc8b99d49f5960f602d276a2b999252a36,False,
train_273,train,normal,0,F:\Work\VSCode\Projects\DATASET\dataset_defects\images\train_scratch\train_273.jpg,,434,290,418e1723070787e3,6045796cbb6ad24fa17ccbc9e1d97df37d05a3201042bbb7c08aa37788210123,False,
train_274,train,normal,0,F:\Work\VSCode\Projects\DATASET\dataset_defects\images\train_scratch\train_274.jpg,,447,300,638e172307078763,9d66e0403d29a7b4607edaa1e28717fbc0dfda2deb5af83cc9c80d6567cc6cd1,False,
train_275,train,scratch,1,F:\Work\VSCode\Projects\DATASET\dataset_defects\images\train_scratch\train_275.jpg,F:\Work\VSCode\Projects\DATASET\dataset_defects\annotations\train_scratch\train_275.xml,453,303,618e17230f078fe1,e4b23fe2d3b95afee8c1e4aa1383d702b784ffd0bce1b49417707c67c0f9c54e,False,
train_276,train,normal,0,F:\Work\VSCode\Projects\DATASET\dataset_defects\images\train_scratch\train_276.jpg,,458,318,618e172317078fe1,c59ef89b808f5c327c1bdcafc1457470c6e40643feaa71e7d2242b1dd738abec,False,
train_277,train,normal,0,F:\Work\VSCode\Projects\DATASET\dataset_defects\images\train_scratch\train_277.jpg,,428,290,618e1723070787c3,56a34b50fded30dfe3d215744d18894663ce117afa6560d30127e3232c6e5cfd,False,
train_281,train,scratch,1,F:\Work\VSCode\Projects\DATASET\dataset_defects\images\train_scratch\train_281.jpg,F:\Work\VSCode\Projects\DATASET\dataset_defects\annotations\train_scratch\train_281.xml,418,430,200f0f0d0b078740,06d3db819ca2ff529772b8b853a92d92fc9775f6d80cba54ecd49d042a5eec53,False,
train_282,train,scratch,1,F:\Work\VSCode\Projects\DATASET\dataset_defects\images\train_scratch\train_282.jpg,F:\Work\VSCode\Projects\DATASET\dataset_defects\annotations\train_scratch\train_282.xml,410,421,208f1f2d09078760,4500541cf6315e78051cddb2e99d834e7593cac0eb72b5b10641b488567e92c1,False,
train_283,train,scratch,1,F:\Work\VSCode\Projects\DATASET\dataset_defects\images\train_scratch\train_283.jpg,F:\Work\VSCode\Projects\DATASET\dataset_defects\annotations\train_scratch\train_283.xml,414,276,608e1f270f0787c1,52dddc4e39c1dfdc66517456be845aae044d9b1dea91c074921d035c7a5c454c,False,
train_284,train,scratch,2,F:\Work\VSCode\Projects\DATASET\dataset_defects\images\train_scratch\train_284.jpg,F:\Work\VSCode\Projects\DATASET\dataset_defects\annotations\train_scratch\train_284.xml,426,290,618e172313178fc1,0eb32474f6313a89f7526f2cf9d3c0b0f07cf8fedaed2a7b8c6fc6b4f1051433,False,
train_285,train,normal,0,F:\Work\VSCode\Projects\DATASET\dataset_defects\images\train_scratch\train_285.jpg,,425,284,618e1b2327178fc1,86c5f1dcc23018f1cf8ea1ef469160966ab8472dc8f3683de9b009d4cfc5e4c3,False,
train_286,train,scratch,1,F:\Work\VSCode\Projects\DATASET\dataset_defects\images\train_scratch\train_286.jpg,F:\Work\VSCode\Projects\DATASET\dataset_defects\annotations\train_scratch\train_286.xml,422,288,618e1f2313078761,ccda15e9582bdde81c720a50a6c5dd48b99d7193034795b4debb8293d41eb11e,False,
train_287,train,scratch,1,F:\Work\VSCode\Projects\DATASET\dataset_defects\images\train_scratch\train_287.jpg,F:\Work\VSCode\Projects\DATASET\dataset_defects\annotations\train_scratch\train_287.xml,411,278,61961f030b0787e1,9e2b3552b60ee27758fff160170905d4331cdd6b89689bef4ebbec15cb5dffe9,False,
train_288,train,scratch,1,F:\Work\VSCode\Projects\DATASET\dataset_defects\images\train_scratch\train_288.jpg,F:\Work\VSCode\Projects\DATASET\dataset_defects\annotations\train_scratch\train_288.xml,430,174,d91e271307078703,4ecf597b2c304cbde7de9da22b723a13cc4203d6ba60ff04462430ce4bb74416,False,
train_289,train,normal,0,F:\Work\VSCode\Projects\DATASET\dataset_defects\images\train_scratch\train_289.jpg,,471,183,c91f370307078703,e4d673a52fdb60b064f2db7bab8923de111c339f76355033c5baad06ba2fa53c,False,
train_290,train,normal,0,F:\Work\VSCode\Projects\DATASET\dataset_defects\images\train_scratch\train_290.jpg,,478,185,d81e271307070703,12a725a6ad53c14d11701f6d48844c500aac863008521c4a6516750353ddfe4f,False,
train_291,train,normal,0,F:\Work\VSCode\Projects\DATASET\dataset_defects\images\train_scratch\train_291.jpg,,644,646,200f172b23078f61,d1c0f377c1998405b934da67fa9cc9434696cb77ae5bf2138dad4355054078c1,False,
train_292,train,normal,0,F:\Work\VSCode\Projects\DATASET\dataset_defects\images\train_scratch\train_292.jpg,,656,643,210e070f0b0f0600,5a65931bce7fd9fddd68b665d81fc9e01b02a7b83474afb97cbc83ea56d0923a,False,
train_293,train,normal,0,F:\Work\VSCode\Projects\DATASET\dataset_defects\images\train_scratch\train_293.jpg,,662,607,600d8e230f0f8fc9,0d88a70db9e522be0304bf51e85fc4d71af7dd5e84c7d3c0191cdbca4c203796,False,
train_294,train,normal,0,F:\Work\VSCode\Projects\DATASET\dataset_defects\images\train_scratch\train_294.jpg,,665,607,608c8e230f078761,1080dcf12e8f8458da45145d531efb1ae5f9a05cc81cd0ee01cf8b1c0f98f692,False,
train_295,train,normal,0,F:\Work\VSCode\Projects\DATASET\dataset_defects\images\train_scratch\train_295.jpg,,684,625,608c8e230f1f8f69,274e626a761e584403f123908ed73fc8417d6fb72922136062bc75ebe0f1abdf,False,
train_296,train,normal,0,F:\Work\VSCode\Projects\DATASET\dataset_defects\images\train_scratch\train_296.jpg,,682,625,608c8e230f078f61,8a64d77fc5d8ba531a929d8634c605824591663b7ba990d81ef88b233b88e3b5,False,
train_297,train,normal,0,F:\Work\VSCode\Projects\DATASET\dataset_defects\images\train_scratch\train_297.jpg,,655,607,608d8f230f178fe0,378e318524c807a30a975de8e59e86a79b707bf3061198a8ea872cec7c8dee39,False,
train_301,train,normal,0,F:\Work\VSCode\Projects\DATASET\dataset_defects\images\train_scratch\train_301.jpg,,468,478,608f130d09078760,5031651fb5f7ea8123287155e6379713dffbd7ef7ba718b1f4b86cb8a7b86c36,False,
train_302,train,normal,0,F:\Work\VSCode\Projects\DATASET\dataset_defects\images\train_scratch\train_302.jpg,,478,495,200f0f0d09038760,d65c70af01f2c76f06c2494ca1adfc8d97688ba96c07c4790170a1316b20f3d1,False,
train_303,train,normal,0,F:\Work\VSCode\Projects\DATASET\dataset_defects\images\train_scratch\train_303.jpg,,436,259,409e3723131787e1,8015f423995b8c93ad339853ec71f06a91fb1c3aee43d0b259f6eb017bf7ccf1,False,
train_304,train,normal,0,F:\Work\VSCode\Projects\DATASET\dataset_defects\images\train_scratch\train_304.jpg,,443,283,608e1323070787e1,626245ac624809a7e1392ecaeb76c8fa39b285d59597c6d204c9bee9cecf564c,False,
train_305,train,normal,0,F:\Work\VSCode\Projects\DATASET\dataset_defects\images\train_scratch\train_305.jpg,,460,295,618e1f2327138fe1,c6d457dbaae48896b8a624915d653e50c5e3396e4cbc6f15d2fce4b87c38f871,False,
train_306,train,scratch,1,F:\Work\VSCode\Projects\DATASET\dataset_defects\images\train_scratch\train_306.jpg,F:\Work\VSCode\Projects\DATASET\dataset_defects\annotations\train_scratch\train_306.xml,454,288,618e1f23070787e1,5e86c89265c6a4f9eed61d6cbba82dba374eb4908a3b120dfe848a90d3446784,False,
train_307,train,scratch,1,F:\Work\VSCode\Projects\DATASET\dataset_defects\images\train_scratch\train_307.jpg,F:\Work\VSCode\Projects\DATASET\dataset_defects\annotations\train_scratch\train_307.xml,463,293,608e1f23170787c1,de6936bf79ea7b30716511cae2072b32553a3948a7e90de281d1f5d79f23baef,False,
train_311,train,normal,0,F:\Work\VSCode\Projects\DATASET\dataset_defects\images\train_scratch\train_311.jpg,,387,385,000f0f0d8b078700,475dbde19598a467bf53da1474494a6a937f460b6c854c7621dbd135d16a3763,False,
train_312,train,normal,0,F:\Work\VSCode\Projects\DATASET\dataset_defects\images\train_scratch\train_312.jpg,,522,523,230f070f0b0f8f60,c0ae416c2f1351d8f773619e64f87694801f2b5d4a484e6f78662a771495c993,False,
train_321,train,normal,0,F:\Work\VSCode\Projects\DATASET\dataset_defects\images\train_scratch\train_321.jpg,,415,420,608f0f0d0b078762,6f605f928d245ff31dbd972e1b5d1ebb3dc24787c366d0f4dc83320299018480,False,
train_322,train,normal,0,F:\Work\VSCode\Projects\DATASET\dataset_defects\images\train_scratch\train_322.jpg,,431,447,208f1f0d0b078740,8e6c89c7d3330b87bd84a6a3324a934fdc0582d4c2dcaca64a08cab8a00967cb,False,
train_323,train,normal,0,F:\Work\VSCode\Projects\DATASET\dataset_defects\images\train_scratch\train_323.jpg,,452,308,618e172307078fc1,4fb4b8de140802361b00490f1dce052050e546db62b002cf58454d354db5d86b,False,
train_324,train,normal,0,F:\Work\VSCode\Projects\DATASET\dataset_defects\images\train_scratch\train_324.jpg,,468,302,618e1723070787c1,3605f8d3b9fc5aa4a1e9a1167dc60a1f03bf1c535f37dc3320d013bd45dc2697,False,
train_325,train,normal,0,F:\Work\VSCode\Projects\DATASET\dataset_defects\images\train_scratch\train_325.jpg,,477,311,618e172307178fc1,e0b4f5533681c1741daa4d70ca9ed706e55c9c39da0030cc17cc6f7d19ba3b7f,False,
train_326,train,normal,0,F:\Work\VSCode\Projects\DATASET\dataset_defects\images\train_scratch\train_326.jpg,,471,307,618e172307078fc1,f82db1487513d01f1403b3aac08b3b62c6ca8595c85e319f39b2e5e198df33a3,False,
train_327,train,normal,0,F:\Work\VSCode\Projects\DATASET\dataset_defects\images\train_scratch\train_327.jpg,,473,312,618e1723070787c1,ea28f98a1eebac02ffdf8449d44743d1ec594521449b10dfb528e444aac03da3,False,
train_331,train,scratch,2,F:\Work\VSCode\Projects\DATASET\dataset_defects\images\train_scratch\train_331.jpg,F:\Work\VSCode\Projects\DATASET\dataset_defects\annotations\train_scratch\train_331.xml,395,401,200f070b090d8f40,bd1114b75ca2b9f841d46374c52bba66623e1da55df3e128694ee09b64355edc,False,
train_332,train,normal,0,F:\Work\VSCode\Projects\DATASET\dataset_defects\images\train_scratch\train_332.jpg,,450,474,200f1f0d0b078760,c70e68ae7a48ae5b80f840381967f9d4878b56d13133cdbcde8454775491382a,False,
train_333,train,normal,0,F:\Work\VSCode\Projects\DATASET\dataset_defects\images\train_scratch\train_333.jpg,,442,294,618e1723071787c1,e68a6b435b5f78fa6fe15f43cf938197061f4c95bbda5ed65077d777e58a3ed4,False,
train_334,train,normal,0,F:\Work\VSCode\Projects\DATASET\dataset_defects\images\train_scratch\train_334.jpg,,447,295,618e1723071f8fc1,3d557a06feb83734d65cd6a14a599ec6c8688e3b5308dc48e03e53d87a1f219d,False,
train_335,train,normal,0,F:\Work\VSCode\Projects\DATASET\dataset_defects\images\train_scratch\train_335.jpg,,464,312,618e172307078fc1,a7aea394daa7d109abfd03f99f09edfa41655e8d05e2b0d70fea93cad240b22c,False,
train_336,train,normal,0,F:\Work\VSCode\Projects\DATASET\dataset_defects\images\train_scratch\train_336.jpg,,481,344,718e1723070787c1,eed70347a8621c5c10f67f35a323657df75157667083d5897933b313e8defe92,False,
train_337,train,normal,0,F:\Work\VSCode\Projects\DATASET\dataset_defects\images\train_scratch\train_337.jpg,,493,347,618e172307078fc1,b11b738e1bbf8882cd94181c04f903018b677854b25adf4bd9b3b6c2df999fe1,False,
train_342,train,normal,0,F:\Work\VSCode\Projects\DATASET\dataset_defects\images\train_scratch\train_342.jpg,,460,465,608f070f0b078762,9d1ae1e37d9a36cc7f2419531f0a2d621dc0108351f34b48135194715c4e5cea,False,
train_343,train,scratch,6,F:\Work\VSCode\Projects\DATASET\dataset_defects\images\train_scratch\train_343.jpg,F:\Work\VSCode\Projects\DATASET\dataset_defects\annotations\train_scratch\train_343.xml,456,474,200f0f0d23078740,8c1326b34ab1ba74b1e02d3308400b12b334e85d551e97283665577b3dc86c40,False,
train_344,train,scratch,3,F:\Work\VSCode\Projects\DATASET\dataset_defects\images\train_scratch\train_344.jpg,F:\Work\VSCode\Projects\DATASET\dataset_defects\annotations\train_scratch\train_344.xml,449,304,698e132313178fe1,60d35d23d56ac2c9da45f36f66c6ed67643a7b68d6c608f87b82a719c267578d,False,
train_345,train,scratch,5,F:\Work\VSCode\Projects\DATASET\dataset_defects\images\train_scratch\train_345.jpg,F:\Work\VSCode\Projects\DATASET\dataset_defects\annotations\train_scratch\train_345.xml,459,321,208e13332b078fc1,670cd7c9e558b28a7404f0083960a5f594b6a331bebf6eaaf0779a43125323e3,False,
train_346,train,scratch,2,F:\Work\VSCode\Projects\DATASET\dataset_defects\images\train_scratch\train_346.jpg,F:\Work\VSCode\Projects\DATASET\dataset_defects\annotations\train_scratch\train_346.xml,467,320,608e1b2317178fc1,5930ed99e59b6893548bf7d0c6461cd632566f0529db453aee5bd64490396d9f,False,
train_347,train,scratch,2,F:\Work\VSCode\Projects\DATASET\dataset_defects\images\train_scratch\train_347.jpg,F:\Work\VSCode\Projects\DATASET\dataset_defects\annotations\train_scratch\train_347.xml,444,305,618e172317178fc1,9b9bbbcfe33b712127dea946dc97f078fbeaa1dd8d689ba2017da3a22e6f7c90,False,
train_348,train,scratch,4,F:\Work\VSCode\Projects\DATASET\dataset_defects\images\train_scratch\train_348.jpg,F:\Work\VSCode\Projects\DATASET\dataset_defects\annotations\train_scratch\train_348.xml,446,296,618e1323070787c1,db46ffc250c83d0d098413ef49471f4e553624cf55bc9d8e514156eec56aae90,False,
train_352,train,normal,0,F:\Work\VSCode\Projects\DATASET\dataset_defects\images\train_scratch\train_352.jpg,,355,359,6687130d09078740,c0ae61a7cdbee1d663a7da23bdafc8f21f463fb4fdf4879825422b164f451824,False,
train_353,train,scratch,2,F:\Work\VSCode\Projects\DATASET\dataset_defects\images\train_scratch\train_353.jpg,F:\Work\VSCode\Projects\DATASET\dataset_defects\annotations\train_scratch\train_353.xml,439,456,208f0f0d0f078702,daee378b6771e6eaff13589ddc4e8cbdd9e2b3146c3dcc1fcba86da7edeb4d14,False,
train_354,train,scratch,2,F:\Work\VSCode\Projects\DATASET\dataset_defects\images\train_scratch\train_354.jpg,F:\Work\VSCode\Projects\DATASET\dataset_defects\annotations\train_scratch\train_354.xml,439,257,608e1f27370f87c3,5d48eeea901c1bbbf3bb77075a01ea9b32fc177ef1efddb02210d63b1900ce24,False,
train_355,train,normal,0,F:\Work\VSCode\Projects\DATASET\dataset_defects\images\train_scratch\train_355.jpg,,432,270,618e172307078fc1,f175ebc9b5b7eaffc12bc0453269ea1ae975cd8389aedd48ac9636d137287797,False,
train_356,train,scratch,1,F:\Work\VSCode\Projects\DATASET\dataset_defects\images\train_scratch\train_356.jpg,F:\Work\VSCode\Projects\DATASET\dataset_defects\annotations\train_scratch\train_356.xml,441,279,608e1733170787c1,66e409a8ef0b9db5044ca2df2bbd8c6add0ac0799a707e02f896f07dc79f7f2a,False,
train_357,train,scratch,2,F:\Work\VSCode\Projects\DATASET\dataset_defects\images\train_scratch\train_357.jpg,F:\Work\VSCode\Projects\DATASET\dataset_defects\annotations\train_scratch\train_357.xml,461,301,698e132317078fc1,1a2f0de574cdac0b61d233dd13d689cfdada695ea8f9c871d7d94f04cd2b4acb,False,
train_358,train,normal,0,F:\Work\VSCode\Projects\DATASET\dataset_defects\images\train_scratch\train_358.jpg,,468,308,618e172307078fc1,a753dc60ed85accdb455cf915cff34bc5ebe313137cb06980728630c51b3d3fd,False,
train_361,train,scratch,1,F:\Work\VSCode\Projects\DATASET\dataset_defects\images\train_scratch\train_361.jpg,F:\Work\VSCode\Projects\DATASET\dataset_defects\annotations\train_scratch\train_361.xml,477,162,c01e330b03038703,2bc64726d897fa55157d41bd19ad291ce5f7e416cc57cb8aedf6b452d1b4795e,False,
train_362,train,normal,0,F:\Work\VSCode\Projects\DATASET\dataset_defects\images\train_scratch\train_362.jpg,,505,521,608f0f0d0b078760,99f6e82d40bc139906a56f39e2aa201b419d193b843e8f21c8ed5cb2cbec7391,False,
train_363,train,normal,0,F:\Work\VSCode\Projects\DATASET\dataset_defects\images\train_scratch\train_363.jpg,,527,539,608f1f290b078742,ce5a5567fe563d0349000392e79984e9277c0112c68d65c3512ecb32533fdcfd,False,
train_364,train,normal,0,F:\Work\VSCode\Projects\DATASET\dataset_defects\images\train_scratch\train_364.jpg,,420,289,618e172307078f61,52d760402fa8c5562306e1b90f6d1b817505af5a91d41c99fa692d2f86cfc958,False,
train_365,train,normal,0,F:\Work\VSCode\Projects\DATASET\dataset_defects\images\train_scratch\train_365.jpg,,422,293,618e1f2327078fe3,8c0a80a6b097a6038b1d8b9ff7fff073a4ae74eb61ab7cf72495a1b2fbec8428,False,
train_366,train,normal,0,F:\Work\VSCode\Projects\DATASET\dataset_defects\images\train_scratch\train_366.jpg,,427,297,618e1f23070f8fe1,c407d8a6b0351ff7d130e76e1cc93ec2b3f2f6d99eed5dc11e7566558878af68,False,
train_367,train,normal,0,F:\Work\VSCode\Projects\DATASET\dataset_defects\images\train_scratch\train_367.jpg,,421,303,608e172337078fe1,42c3606c886d3e675ee93d3e2bb1b99bc43cba93ebcf3f9df75e36f7062ae291,False,
train_368,train,normal,0,F:\Work\VSCode\Projects\DATASET\dataset_defects\images\train_scratch\train_368.jpg,,436,307,618e1f2303078fc1,5247c8c31fe94167cdd9c9f5e54558a815d5cff41086483185078045fb077c46,False,
train_371,train,scratch,3,F:\Work\VSCode\Projects\DATASET\dataset_defects\images\train_scratch\train_371.jpg,F:\Work\VSCode\Projects\DATASET\dataset_defects\annotations\train_scratch\train_371.xml,413,428,208f0f0d0d0b8361,87ed1e18351a3bc332d12644101e7ce57fc190a9f29106ab2caeb0416103401b,False,
train_372,train,scratch,2,F:\Work\VSCode\Projects\DATASET\dataset_defects\images\train_scratch\train_372.jpg,F:\Work\VSCode\Projects\DATASET\dataset_defects\annotations\train_scratch\train_372.xml,487,493,200f0f0d0d078762,a2a80b822e8e52813112080f427c850ad77b0915945c91fde9a0ae1259d55b2f,False,
train_373,train,scratch,3,F:\Work\VSCode\Projects\DATASET\dataset_defects\images\train_scratch\train_373.jpg,F:\Work\VSCode\Projects\DATASET\dataset_defects\annotations\train_scratch\train_373.xml,489,375,618e1f2307078761,f358fa7298f34e6b99768ec46607691b3c221bc640f851235a073485c388b6c4,False,
train_374,train,scratch,3,F:\Work\VSCode\Projects\DATASET\dataset_defects\images\train_scratch\train_374.jpg,F:\Work\VSCode\Projects\DATASET\dataset_defects\annotations\train_scratch\train_374.xml,476,368,618e1f23330787e1,812dafd7e5f4a98527e65a42fad5b63ba127936aac2f3116144498e68de37ce0,False,
train_375,train,scratch,2,F:\Work\VSCode\Projects\DATASET\dataset_defects\images\train_scratch\train_375.jpg,F:\Work\VSCode\Projects\DATASET\dataset_defects\annotations\train_scratch\train_375.xml,497,391,618e1f23230787c3,c744545559bda9138149485c3667d5ad044963c3a10514cf73f9310691d76d02,False,
train_376,train,scratch,2,F:\Work\VSCode\Projects\DATASET\dataset_defects\images\train_scratch\train_376.jpg,F:\Work\VSCode\Projects\DATASET\dataset_defects\annotations\train_scratch\train_376.xml,500,407,608e1723270787e1,febcb40823211ec3d8e3fad550d48484561cd5f0ad2c8bf18508b561cdc768f7,False,
train_377,train,scratch,3,F:\Work\VSCode\Projects\DATASET\dataset_defects\images\train_scratch\train_377.jpg,F:\Work\VSCode\Projects\DATASET\dataset_defects\annotations\train_scratch\train_377.xml,520,420,688e1b2b270787e3,629c6981d1c5f50119cf769ac9b66660531e275ff04bad0a546183c82cbd44d3,False,
train_378,train,scratch,1,F:\Work\VSCode\Projects\DATASET\dataset_defects\images\train_scratch\train_378.jpg,F:\Work\VSCode\Projects\DATASET\dataset_defects\annotations\train_scratch\train_378.xml,459,176,0117370703030f87,b1886be26dd65541a46bb353e6d1ebce59c0e69acf70fdbc7e74f45c3bbfa48c,False,
train_381,train,scratch,2,F:\Work\VSCode\Projects\DATASET\dataset_defects\images\train_scratch\train_381.jpg,F:\Work\VSCode\Projects\DATASET\dataset_defects\annotations\train_scratch\train_381.xml,477,481,208f0f2d0b0f8742,2c80bcbcff92feb3f0de1ef1d28be72ce38b1c49978f786dbd9a48b5759fb908,False,
train_382,train,scratch,7,F:\Work\VSCode\Projects\DATASET\dataset_defects\images\train_scratch\train_382.jpg,F:\Work\VSCode\Projects\DATASET\dataset_defects\annotations\train_scratch\train_382.xml,523,527,0007170b0b0b8740,150359022bb4a8752a70fe598c913c6588d4f2cd75ba52600556f083744500e3,False,
train_383,train,scratch,6,F:\Work\VSCode\Projects\DATASET\dataset_defects\images\train_scratch\train_383.jpg,F:\Work\VSCode\Projects\DATASET\dataset_defects\annotations\train_scratch\train_383.xml,468,304,608e1f371b078fc1,3bfbad0cd9e500e87e801b861a9cb87097c3640d3893594c202bc53f41b299dc,False,
train_384,train,normal,0,F:\Work\VSCode\Projects\DATASET\dataset_defects\images\train_scratch\train_384.jpg,,476,323,618e173307078fc1,71dea493d36011524c4b99453898a4197cbfa031166eee5c640ffac8619a1d87,False,
train_385,train,normal,0,F:\Work\VSCode\Projects\DATASET\dataset_defects\images\train_scratch\train_385.jpg,,492,341,618e172307078fc1,97f174f16c9d0a1052d40b4393f3b86f968e551798771af996010a62569a0e2d,False,
train_386,train,scratch,7,F:\Work\VSCode\Projects\DATASET\dataset_defects\images\train_scratch\train_386.jpg,F:\Work\VSCode\Projects\DATASET\dataset_defects\annotations\train_scratch\train_386.xml,480,330,618e172307078fc1,44ff00ee93a958c41b50052da681731cdd0b6dc77625203d8f84423f592150b2,False,
train_387,train,scratch,6,F:\Work\VSCode\Projects\DATASET\dataset_defects\images\train_scratch\train_387.jpg,F:\Work\VSCode\Projects\DATASET\dataset_defects\annotations\train_scratch\train_387.xml,467,315,618e132717078fc1,f57ab6e9f9996ac3ecf6131806aaf01aa16cdee658704ccce9fe2e2ee4aba396,False,
train_391,train,scratch,4,F:\Work\VSCode\Projects\DATASET\dataset_defects\images\train_scratch\train_391.jpg,F:\Work\VSCode\Projects\DATASET\dataset_defects\annotations\train_scratch\train_391.xml,476,490,208f1b0d0f0787e0,aa6119242c9299ff789393281e32ac8c4373cfd1512fab3b3ee537cd60171bed,False,
train_392,train,scratch,5,F:\Work\VSCode\Projects\DATASET\dataset_defects\images\train_scratch\train_392.jpg,F:\Work\VSCode\Projects\DATASET\dataset_defects\annotations\train_scratch\train_392.xml,605,598,208f0b0909878740,ff5b876fa08cdd34791ec08f5ca66e7ed420b34861a203a1de91e81b8b7064cf,False,
train_393,train,scratch,2,F:\Work\VSCode\Projects\DATASET\dataset_defects\images\train_scratch\train_393.jpg,F:\Work\VSCode\Projects\DATASET\dataset_defects\annotations\train_scratch\train_393.xml,477,332,688e1323070f8fc1,cc71e9daff0c90395c114e1367f48024cc3987c2cf6ef52db1685b4b5641c800,False,
train_394,train,scratch,4,F:\Work\VSCode\Projects\DATASET\dataset_defects\images\train_scratch\train_394.jpg,F:\Work\VSCode\Projects\DATASET\dataset_defects\annotations\train_scratch\train_394.xml,474,347,718e173307078fe1,0571eae984dbcd2a1ceb894946afeabb98194201fcc516bb998eb7eb3358126b,False,
train_395,train,scratch,4,F:\Work\VSCode\Projects\DATASET\dataset_defects\images\train_scratch\train_395.jpg,F:\Work\VSCode\Projects\DATASET\dataset_defects\annotations\train_scratch\train_395.xml,477,336,698e1323130787c1,1d8b0ca1461b3dddcc425fac6bd287813014958a90383ae9446244c0d4780369,False,
train_396,train,scratch,2,F:\Work\VSCode\Projects\DATASET\dataset_defects\images\train_scratch\train_396.jpg,F:\Work\VSCode\Projects\DATASET\dataset_defects\annotations\train_scratch\train_396.xml,498,360,618e1733270787e1,93e67ab62baa6dcbb3e6c339710d962a09cdfa927e95432b129208a7b569ac0c,False,
train_397,train,scratch,3,F:\Work\VSCode\Projects\DATASET\dataset_defects\images\train_scratch\train_397.jpg,F:\Work\VSCode\Projects\DATASET\dataset_defects\annotations\train_scratch\train_397.xml,485,336,618e17230f0787c1,cde1a8d3da5562d42bc4728163d32ef14b938008096bdf44f198762b1b56c54b,False,
train_399,train,scratch,1,F:\Work\VSCode\Projects\DATASET\dataset_defects\images\train_scratch\train_399.jpg,F:\Work\VSCode\Projects\DATASET\dataset_defects\annotations\train_scratch\train_399.xml,430,158,0016371b07078703,af0f958aa503f6759c4568deb2351060e968018b4cab561bbc34f4e9e19958c1,False,
train_401,train,normal,0,F:\Work\VSCode\Projects\DATASET\dataset_defects\images\train_scratch\train_401.jpg,,682,667,200f172b2b178f61,63a1bf76687c843cfe760a451d197318854c933526590094176842cc0d15c3c2,False,
train_402,train,normal,0,F:\Work\VSCode\Projects\DATASET\dataset_defects\images\train_scratch\train_402.jpg,,660,655,210e070d0d070000,7dcc8e95da4ab73c9629f69730d3a2b5857eaef4b23062ef76ed2c5ba2024149,False,
train_403,train,normal,0,F:\Work\VSCode\Projects\DATASET\dataset_defects\images\train_scratch\train_403.jpg,,669,559,401e0f03070f0fa2,197679f563ee476ba350445668a0d06b94fb3d9f380d6d6488e2ff92fabbe990,False,
train_404,train,normal,0,F:\Work\VSCode\Projects\DATASET\dataset_defects\images\train_scratch\train_404.jpg,,692,577,401e0f03070f0fa0,ccb86a8cd0e8c2b11adc7b6167ba245a9e6056563594b1b956e1178d962a666f,False,
train_405,train,normal,0,F:\Work\VSCode\Projects\DATASET\dataset_defects\images\train_scratch\train_405.jpg,,714,584,401e0f0307070f20,156ff87baef649a92bad16a66be1e55cefd3b66232b48118720fe68dacea117a,False,
train_406,train,normal,0,F:\Work\VSCode\Projects\DATASET\dataset_defects\images\train_scratch\train_406.jpg,,666,621,220f8e230f0787e0,ed26f1e8dfc56bc29ba28bf768d61403b1e5d310ea7f2735bfe17fbc83debecb,False,
train_407,train,normal,0,F:\Work\VSCode\Projects\DATASET\dataset_defects\images\train_scratch\train_407.jpg,,671,613,230f0e2307078760,4de5c079206c835f801c1e6c1401e75a73f1742786ff91f86812108e51360aab,False,
train_411,train,normal,0,F:\Work\VSCode\Projects\DATASET\dataset_defects\images\train_scratch\train_411.jpg,,476,487,200f0f0d09078760,3db469478d1b1167a94cc052f1bf56c5edc1a734cf4dffbd66cff2431b796942,False,
train_412,train,normal,0,F:\Work\VSCode\Projects\DATASET\dataset_defects\images\train_scratch\train_412.jpg,,516,523,200f0f0d0b0f8760,60933b54302cb115b7065cfdf29191f1c5bfca1aa37f59af56f10e23cbf4fa1e,False,
train_413,train,normal,0,F:\Work\VSCode\Projects\DATASET\dataset_defects\images\train_scratch\train_413.jpg,,475,364,618e1f23070787e1,8088f023fa3ccdb48639e2776afbf213c235dd12e5104b92e83b09bf2fb1bb67,False,
train_414,train,normal,0,F:\Work\VSCode\Projects\DATASET\dataset_defects\images\train_scratch\train_414.jpg,,431,287,618e172307078fc1,dd438420618d08999486fe6bc17b0049885d7acc8b4aed1ab9207953cad1cf53,False,
train_415,train,normal,0,F:\Work\VSCode\Projects\DATASET\dataset_defects\images\train_scratch\train_415.jpg,,432,284,618e172307078fc1,34ac6bf91a95e90bf4ce5714bfae7e6ad592bcf4a61c565ff43ae1f21aa668d5,False,
train_416,train,normal,0,F:\Work\VSCode\Projects\DATASET\dataset_defects\images\train_scratch\train_416.jpg,,436,291,618e132307078fc9,b2cd121dd49ac7aa15ba3c7adbfd4f75da9e377147fc1cde19f43400c16d031a,False,
train_417,train,normal,0,F:\Work\VSCode\Projects\DATASET\dataset_defects\images\train_scratch\train_417.jpg,,429,297,608e1323070f8fc0,73cdadf6f879dfbebfdbebecd61f1adc13abfc6b03892c8b0f34ec755adea707,False,
train_421,train,normal,0,F:\Work\VSCode\Projects\DATASET\dataset_defects\images\train_scratch\train_421.jpg,,432,441,208f0f0d0b078722,2002a9f6d9ea688759e2ea44b9180745d0d3e86e92a53ea0f890dd35056bdc50,False,
train_422,train,normal,0,F:\Work\VSCode\Projects\DATASET\dataset_defects\images\train_scratch\train_422.jpg,,509,518,600f0f0d0b0f8762,67ce703741515ed6ab1c3de60504ee4c42b325005e68e9f716ff22f3a5777df7,False,
train_423,train,normal,0,F:\Work\VSCode\Projects\DATASET\dataset_defects\images\train_scratch\train_423.jpg,,440,371,608e1f2b03078fc3,7e3fd9ff1b76264259030f267b22bb49d3bddf4258d172a6c1a6bdf69405f3a3,False,
train_424,train,normal,0,F:\Work\VSCode\Projects\DATASET\dataset_defects\images\train_scratch\train_424.jpg,,393,297,618e1f23070787e1,8bf1a44e5dc4bfc12ee084a0eb793ca4c50ea21713ca0710b0a0c2dad2d4b44d,False,
train_425,train,normal,0,F:\Work\VSCode\Projects\DATASET\dataset_defects\images\train_scratch\train_425.jpg,,408,303,608e1f2307078fc1,cbdfac6966b7d2a2e843a4adb241790a9df82eeadccb5a376e41246776c87676,False,
train_426,train,normal,0,F:\Work\VSCode\Projects\DATASET\dataset_defects\images\train_scratch\train_426.jpg,,412,306,608e1f2307078fe1,6ad5aba3ecfc9003c47d3ab28e4f4a4c0f2826ecf6b98a4032df9449de9c58ae,False,
train_427,train,normal,0,F:\Work\VSCode\Projects\DATASET\dataset_defects\images\train_scratch\train_427.jpg,,408,305,618e172307078fc1,97546c8b9815d79f495a180426fd7e0d26cd4a6cefec1631731d6e854bc703be,False,
train_431,train,normal,0,F:\Work\VSCode\Projects\DATASET\dataset_defects\images\train_scratch\train_431.jpg,,454,456,200f170d0f078fe0,d2ce65761a09ede2cfa91595554224b9f52ba32444041cf742e3a3e8511865e9,False,
train_432,train,normal,0,F:\Work\VSCode\Projects\DATASET\dataset_defects\images\train_scratch\train_432.jpg,,530,530,608f070f0b0f8f60,7448a297420d19ff18010743cbe66b54eec320f9779cc349dfaa81b9c8a5c78a,False,
train_433,train,normal,0,F:\Work\VSCode\Projects\DATASET\dataset_defects\images\train_scratch\train_433.jpg,,425,330,618e1f2307078fe1,cc814ccb635f7d8877b659f25ed2f99af6a93a6ab46c9c4b63e7133bbb0aa583,False,
train_434,train,normal,0,F:\Work\VSCode\Projects\DATASET\dataset_defects\images\train_scratch\train_434.jpg,,479,335,618e172307078fc1,a25461939bebd8de4dfa9f50624a6e33ab95e7a7ef05ac7c31cc4da7bc3f0578,False,
train_435,train,normal,0,F:\Work\VSCode\Projects\DATASET\dataset_defects\images\train_scratch\train_435.jpg,,456,322,638e172307078fc1,269c598e8cf416f2ea4542cce9394efce2367a037b1f320d242d681f09356d52,False,
train_436,train,normal,0,F:\Work\VSCode\Projects\DATASET\dataset_defects\images\train_scratch\train_436.jpg,,452,324,618e172307078fc1,ebb368b3aa177a20ed04d57291066228d31a3e8a3ee124ac82eda095c4bec183,False,
train_437,train,normal,0,F:\Work\VSCode\Projects\DATASET\dataset_defects\images\train_scratch\train_437.jpg,,448,321,618e172307078fc1,0c65c9396d74e2f23a82c318cd3590a7c0a96c935907ee02fdc75567b9327d66,False,
train_441,train,normal,0,F:\Work\VSCode\Projects\DATASET\dataset_defects\images\train_scratch\train_441.jpg,,461,472,200f070f0b0f8762,b046d8919e5515709aeaf5377d419ff23dad04e1b12d9f65299343a7f15aebe1,False,
train_442,train,normal,0,F:\Work\VSCode\Projects\DATASET\dataset_defects\images\train_scratch\train_442.jpg,,541,551,200f070f0b0f8760,be8dc617b996cdef58f495b78b8d9dadea2621dce8d16c24b68e61d4522e7039,False,
train_443,train,normal,0,F:\Work\VSCode\Projects\DATASET\dataset_defects\images\train_scratch\train_443.jpg,,475,373,618e1723030787e1,a8f7bfb2e041398891f1989d67a1f1888d0287b79e775951fb3e05875e51f3d6,False,
train_444,train,normal,0,F:\Work\VSCode\Projects\DATASET\dataset_defects\images\train_scratch\train_444.jpg,,506,368,618e1723070787e1,24641e9005b69ae3a94427a44f562a76c5951ed4f317a7f16e4477bfa2b14a37,False,
train_445,train,normal,0,F:\Work\VSCode\Projects\DATASET\dataset_defects\images\train_scratch\train_445.jpg,,506,363,608e1723070787c1,f5839527af21aea5a9e171807960a54496af11fb85722ed88738b992791007a2,False,
train_446,train,normal,0,F:\Work\VSCode\Projects\DATASET\dataset_defects\images\train_scratch\train_446.jpg,,521,380,618e1f23070787e1,959555f10c25bc0b233511d7c2475cfd894e1cf3fb8310ddab03fcd1f155af26,False,
train_447,train,normal,0,F:\Work\VSCode\Projects\DATASET\dataset_defects\images\train_scratch\train_447.jpg,,504,358,618e1723070787e1,6318781548f8fd9266264273e25e41ab196db9d8009baf14a5d06bbca5f2d93b,False,
train_451,train,normal,0,F:\Work\VSCode\Projects\DATASET\dataset_defects\images\train_scratch\train_451.jpg,,361,376,200f0f0f0b078760,79d278d579f83bcf89b922ecb3fe842ea33d1967d5ace7a17fc37353ee765eb5,False,
train_452,train,normal,0,F:\Work\VSCode\Projects\DATASET\dataset_defects\images\train_scratch\train_452.jpg,,400,405,200f1f0d0b87c762,dabe108c363b0c0f2ac50782e3d4a6c5b1023e8e690647ce7da911921648f832,False,
train_453,train,normal,0,F:\Work\VSCode\Projects\DATASET\dataset_defects\images\train_scratch\train_453.jpg,,505,366,708e173327078fc0,f30585f701d2fb807d3d4a3716d92d9e2ebdb10967739c9c71ebac13a00dee32,False,
train_454,train,normal,0,F:\Work\VSCode\Projects\DATASET\dataset_defects\images\train_scratch\train_454.jpg,,543,387,318e173327078fc0,17ccbdbcdeed511e362b8131d49c540392b482d8132d38a473d9c8416ef3d1b5,False,
train_455,train,normal,0,F:\Work\VSCode\Projects\DATASET\dataset_defects\images\train_scratch\train_455.jpg,,502,361,318e1733270f8fc1,107a5867e3dd0ad08a34af95a0aa774fbd8e1d1846f916ec7afbb96e92b782c8,False,
train_456,train,normal,0,F:\Work\VSCode\Projects\DATASET\dataset_defects\images\train_scratch\train_456.jpg,,515,376,318e1323070f8fe0,b78067b3ef36a5d11fa049d001708b94cac03f6e5aa582c5aac5c7fef63e41e8,False,
train_457,train,normal,0,F:\Work\VSCode\Projects\DATASET\dataset_defects\images\train_scratch\train_457.jpg,,516,374,718e173307078fe0,5ca4c3fdb7b216626cf1c924e4e47fb5ca8c61f0dd122b6920297c308edeec94,False,
train_461,train,scratch,3,F:\Work\VSCode\Projects\DATASET\dataset_defects\images\train_scratch\train_461.jpg,F:\Work\VSCode\Projects\DATASET\dataset_defects\annotations\train_scratch\train_461.xml,448,462,820f0f2f0b0f8f60,bad92fab21fe2a51c15713264e609792b206ee816e88a4f53787b205ceab00a4,False,
train_462,train,scratch,4,F:\Work\VSCode\Projects\DATASET\dataset_defects\images\train_scratch\train_462.jpg,F:\Work\VSCode\Projects\DATASET\dataset_defects\annotations\train_scratch\train_462.xml,500,513,200f0f0d0b098fe0,1ed50127a8b907a473fd862ddf0c8dec4c940b892af8d9f8f9b8d46bf50a308e,False,
train_463,train,scratch,3,F:\Work\VSCode\Projects\DATASET\dataset_defects\images\train_scratch\train_463.jpg,F:\Work\VSCode\Projects\DATASET\dataset_defects\annotations\train_scratch\train_463.xml,511,408,618e172303078fc0,265ad64c6543719c763c93cc697bcd70d78a22fee77b95d976b1b822b948f83f,False,
train_464,train,scratch,1,F:\Work\VSCode\Projects\DATASET\dataset_defects\images\train_scratch\train_464.jpg,F:\Work\VSCode\Projects\DATASET\dataset_defects\annotations\train_scratch\train_464.xml,536,416,618e172303178fc0,ccdc11eabc4a54224a48eabe4c42928507d1fd34a47a2e02fe9c2ddb6f4ba9a4,False,
train_465,train,scratch,4,F:\Work\VSCode\Projects\DATASET\dataset_defects\images\train_scratch\train_465.jpg,F:\Work\VSCode\Projects\DATASET\dataset_defects\annotations\train_scratch\train_465.xml,568,426,618e172303078fc1,a1b3082deb5676bca7f11b7d3c92adfab5abf470b3fecd336f905d7778d366e7,False,
train_466,train,scratch,2,F:\Work\VSCode\Projects\DATASET\dataset_defects\images\train_scratch\train_466.jpg,F:\Work\VSCode\Projects\DATASET\dataset_defects\annotations\train_scratch\train_466.xml,548,410,698e172313078fc1,6edb279101783933627a682b5d08c531d470d80e56abc01cd042709ae288ec34,False,
train_467,train,scratch,1,F:\Work\VSCode\Projects\DATASET\dataset_defects\images\train_scratch\train_467.jpg,F:\Work\VSCode\Projects\DATASET\dataset_defects\annotations\train_scratch\train_467.xml,531,383,618e172307078fc1,7e5838995122ba08c7025925e9c76c5165bf3ee0528e025dde8b4475497b8af1,False,
train_469,train,scratch,1,F:\Work\VSCode\Projects\DATASET\dataset_defects\images\train_scratch\train_469.jpg,F:\Work\VSCode\Projects\DATASET\dataset_defects\annotations\train_scratch\train_469.xml,450,191,c11e370303078743,5cc86a095327bc57e0e4ea0a213db02c99cbdba9359ce079909861ce9af2355a,False,
train_471,train,normal,0,F:\Work\VSCode\Projects\DATASET\dataset_defects\images\train_scratch\train_471.jpg,,406,419,200f0f0d0b078760,bda45578175858e48529a97f6842befe940726ba9b48f4c39112c8b31f31a42a,False,
train_472,train,normal,0,F:\Work\VSCode\Projects\DATASET\dataset_defects\images\train_scratch\train_472.jpg,,421,430,200f0f0d0b0f8f62,e1ae0f755cefe69ebcd43dcfd3940a64bff7f469514bb3b4e0a1ea599d549ed7,False,
train_473,train,normal,0,F:\Work\VSCode\Projects\DATASET\dataset_defects\images\train_scratch\train_473.jpg,,405,310,30861323331f8fc0,26401397ffb0ceb25a1ae59754a9ecfb09c9962c64349b7b8425680f3738d3a2,False,
train_481,train,normal,0,F:\Work\VSCode\Projects\DATASET\dataset_defects\images\train_scratch\train_481.jpg,,420,438,600f0f2f2f078762,92884a456553aa52610752d856dfbeb180dbec740cc21f8320a1cfa54d748d2c,False,
train_482,train,normal,0,F:\Work\VSCode\Projects\DATASET\dataset_defects\images\train_scratch\train_482.jpg,,430,437,200f0f0d0b0f87c3,46c5c9c57c72f822d1dd5f49da303f7fe3e8194c0914c6aea6c139ce90714651,False,
train_483,train,normal,0,F:\Work\VSCode\Projects\DATASET\dataset_defects\images\train_scratch\train_483.jpg,,482,367,618e1f23030787e1,8f2c91098cc38d3419603dda529eb330fdc4b2ded31aeaae62d645dad7170767,False,
train_484,train,normal,0,F:\Work\VSCode\Projects\DATASET\dataset_defects\images\train_scratch\train_484.jpg,,499,363,619e1f2303078761,7a03ef3230bcefd0e9056268cdd73cc9d909ea9a12526cb22f8d53cca66f0ff9,False,
train_485,train,normal,0,F:\Work\VSCode\Projects\DATASET\dataset_defects\images\train_scratch\train_485.jpg,,522,375,618e1f2303078fc1,93a249f36d1a9e662caea63279ce438805cc383d61fb8dfe19ceb3749136e635,False,
train_486,train,normal,0,F:\Work\VSCode\Projects\DATASET\dataset_defects\images\train_scratch\train_486.jpg,,518,370,618e1f23070f87e1,938cef874a4b79e881b93eb598ec2c775ad6d4e199e17076426e93ece284cb97,False,
train_487,train,normal,0,F:\Work\VSCode\Projects\DATASET\dataset_defects\images\train_scratch\train_487.jpg,,506,361,698e172307078fe1,65d5772c7f6dccc027a58dc99f7e050511fcb084323363c8fde0a874a94713e8,False,
train_488,train,normal,0,F:\Work\VSCode\Projects\DATASET\dataset_defects\images\train_scratch\train_488.jpg,,404,414,600f0f0f0b0f8763,d0e458f67fa7881108efa4ba9eeee6a144ce79e0ee23f1f77dd1fa568e2a8895,False,
train_489,train,normal,0,F:\Work\VSCode\Projects\DATASET\dataset_defects\images\train_scratch\train_489.jpg,,387,396,240f1f0f0b0787e3,2de8557dc2f5d1ac0afaf06de3a924f185fe673e1eae75bc6fccbd459f9c226c,False,
train_490,train,scratch,1,F:\Work\VSCode\Projects\DATASET\dataset_defects\images\train_scratch\train_490.jpg,F:\Work\VSCode\Projects\DATASET\dataset_defects\annotations\train_scratch\train_490.xml,496,364,698e1723030787e1,70ef369a6bd9430e5929a9578866b9bd8bfef938ba2f653f382f09880505f6a1,False,
train_491,train,scratch,1,F:\Work\VSCode\Projects\DATASET\dataset_defects\images\train_scratch\train_491.jpg,F:\Work\VSCode\Projects\DATASET\dataset_defects\annotations\train_scratch\train_491.xml,523,390,618e1f2307178fc1,4fbb52d9d222ebb46fea70a3801182818addabf4a49cf5edf3978a351748768b,False,
train_492,train,scratch,1,F:\Work\VSCode\Projects\DATASET\dataset_defects\images\train_scratch\train_492.jpg,F:\Work\VSCode\Projects\DATASET\dataset_defects\annotations\train_scratch\train_492.xml,526,374,618e172317178fc1,e53054f9f244ce0abfdfcdd90af35617609639516c35e5b4267c2be41f9210f3,False,
train_493,train,scratch,1,F:\Work\VSCode\Projects\DATASET\dataset_defects\images\train_scratch\train_493.jpg,F:\Work\VSCode\Projects\DATASET\dataset_defects\annotations\train_scratch\train_493.xml,518,362,618e132333178fe1,3ff2c35fd679da36293e76c20ddb4cdd0e37a94e6976135067351124ccdcf087,False,
train_494,train,scratch,1,F:\Work\VSCode\Projects\DATASET\dataset_defects\images\train_scratch\train_494.jpg,F:\Work\VSCode\Projects\DATASET\dataset_defects\annotations\train_scratch\train_494.xml,499,340,608e132327078fc1,5b84af4bd189a3b5519ee2524081f06bd0bc2a1dfc7e7df3a80431c20472607c,False,
train_495,train,scratch,1,F:\Work\VSCode\Projects\DATASET\dataset_defects\images\train_scratch\train_495.jpg,F:\Work\VSCode\Projects\DATASET\dataset_defects\annotations\train_scratch\train_495.xml,483,216,401e332307078741,f5bedbc7ae0824ff6243fd9192e36e36a520f4d5285660820ed9673c8220eb70,False,
train_496,train,scratch,1,F:\Work\VSCode\Projects\DATASET\dataset_defects\images\train_scratch\train_496.jpg,F:\Work\VSCode\Projects\DATASET\dataset_defects\annotations\train_scratch\train_496.xml,488,208,400e330307078f43,e689caeb117b305a358c22b0a934cfa7354d6c9c1b35728459a728c5245132e2,False,
val_001,val,normal,0,F:\Work\VSCode\Projects\DATASET\dataset_defects\images\val_scratch\val_001.jpg,,547,545,030f1b0b2b270e01,ac5737585534aa30dafdacaabb3da402c74e0188ffa4aac8af04dbee551e2933,False,
val_002,val,normal,0,F:\Work\VSCode\Projects\DATASET\dataset_defects\images\val_scratch\val_002.jpg,,548,514,68860f2b331f8e48,3fcacf8233289c39892cad54ce061e227142812e6552cb218251742da7a5d432,False,
val_003,val,normal,0,F:\Work\VSCode\Projects\DATASET\dataset_defects\images\val_scratch\val_003.jpg,,548,518,68860f0b331b8e78,5297602446b3a4e5e4a6c80e3580f1b219ed497acdfb037b88c3e08004e870ad,False,
val_005,val,normal,0,F:\Work\VSCode\Projects\DATASET\dataset_defects\images\val_scratch\val_005.jpg,,423,433,230f172b33070e21,e513ba72ee9729f0f6de49c7838f20b1e993a697fef51bee2e709755221c0725,False,
val_006,val,normal,0,F:\Work\VSCode\Projects\DATASET\dataset_defects\images\val_scratch\val_006.jpg,,446,424,30cc0f330f07866d,39aa614fe3dc64554f5763dfee8c3662c20658745f16a83ae59257405f8c0815,False,
val_007,val,normal,0,F:\Work\VSCode\Projects\DATASET\dataset_defects\images\val_scratch\val_007.jpg,,468,451,30cc0e330f0f8e79,16cb8b30c699362d3d6c272e4a130fee827c148892cefac17b228fa867af0719,False,
val_009,val,normal,0,F:\Work\VSCode\Projects\DATASET\dataset_defects\images\val_scratch\val_009.jpg,,433,438,670f172b23070e01,2e0b13e2337d3867f5322162248b313bbf0c5ca907681f0700170831e3f4cb1c,False,
val_010,val,normal,0,F:\Work\VSCode\Projects\DATASET\dataset_defects\images\val_scratch\val_010.jpg,,505,485,30cc0f3b0b078665,f1e7034e7335073276eacfe4998ef425fcf119a2975a1f2e076bdc1c49a800af,False,
val_011,val,normal,0,F:\Work\VSCode\Projects\DATASET\dataset_defects\images\val_scratch\val_011.jpg,,508,489,30cc0f3b0b178f7d,eb6be79a5448f25006a7a4d46816ebca731d0ea4422cc7306aac76befb960f29,False,
val_013,val,normal,0,F:\Work\VSCode\Projects\DATASET\dataset_defects\images\val_scratch\val_013.jpg,,331,343,240e1b2b2b270e01,dc09a7fa49a3066ba85d50b19fe26b09dd58631b904115f72079e840a1a288f1,False,
val_014,val,normal,0,F:\Work\VSCode\Projects\DATASET\dataset_defects\images\val_scratch\val_014.jpg,,402,265,608e072333170e08,4e7c774c1f068b5ae2afbc2ef4b7f71bfb2713b4d758a22eacd7ddb7b6011e7a,False,
val_015,val,normal,0,F:\Work\VSCode\Projects\DATASET\dataset_defects\images\val_scratch\val_015.jpg,,410,275,e08e072333170e08,f9d1cd9255a10ab7b0bf97467d77b9a7e393c95ec3518d57a8b92131fced41ea,False,
val_017,val,scratch,1,F:\Work\VSCode\Projects\DATASET\dataset_defects\images\val_scratch\val_017.jpg,F:\Work\VSCode\Projects\DATASET\dataset_defects\annotations\val_scratch\val_017.xml,313,321,220f0f0b0b230e01,b36a3f7c97756189fda67b89c6054611fd01585522b34acef23796ed8a0e13e9,False,
val_018,val,scratch,2,F:\Work\VSCode\Projects\DATASET\dataset_defects\images\val_scratch\val_018.jpg,F:\Work\VSCode\Projects\DATASET\dataset_defects\annotations\val_scratch\val_018.xml,351,270,688e1f0b33178e6d,8715742d59c42f4e64e367060a81c73950a8067838e493f772e9524cbb13e25a,False,
val_019,val,scratch,2,F:\Work\VSCode\Projects\DATASET\dataset_defects\images\val_scratch\val_019.jpg,F:\Work\VSCode\Projects\DATASET\dataset_defects\annotations\val_scratch\val_019.xml,366,276,e98e170b33138e4d,e649f3689ba0bfc22abcb9d29c00e70df1f4dc32cb4fe80dab0813c1b75cf61c,False,
val_021,val,scratch,3,F:\Work\VSCode\Projects\DATASET\dataset_defects\images\val_scratch\val_021.jpg,F:\Work\VSCode\Projects\DATASET\dataset_defects\annotations\val_scratch\val_021.xml,303,317,240f1b0f23278e08,b62270d4cefe1af860148ab4ec4cee555276bf26f7ea01c31bbb7393dbcdd5c6,False,
val_022,val,scratch,4,F:\Work\VSCode\Projects\DATASET\dataset_defects\images\val_scratch\val_022.jpg,F:\Work\VSCode\Projects\DATASET\dataset_defects\annotations\val_scratch\val_022.xml,347,271,688e170b331f8e6d,086da5d4c7dc9c9c134fc2e0733930754725982778fa9bbc19641530629ba8ca,False,
val_023,val,scratch,3,F:\Work\VSCode\Projects\DATASET\dataset_defects\images\val_scratch\val_023.jpg,F:\Work\VSCode\Projects\DATASET\dataset_defects\annotations\val_scratch\val_023.xml,375,295,699e170f33178e69,6ff29151e277df10a60cfa27376acc9350091d8129c4a7bc50d396dfc8cedbc7,False,
val_025,val,normal,0,F:\Work\VSCode\Projects\DATASET\dataset_defects\images\val_scratch\val_025.jpg,,317,326,200f1b0b2b238e09,e75100fba76ae99d2fd2a2575bcd349de6dbf419ea93653c3e9f4552c8dfcb7f,False,
val_026,val,normal,0,F:\Work\VSCode\Projects\DATASET\dataset_defects\images\val_scratch\val_026.jpg,,336,254,698e172b33178f6d,8f2137eeb4cf68539f36af3f68eae081df322785379b46f0781b164c8a985481,False,
val_027,val,normal,0,F:\Work\VSCode\Projects\DATASET\dataset_defects\images\val_scratch\val_027.jpg,,345,261,698e170b33178e4c,f10d97b4fd107d3bf98628beedff91f2cbd7e67ea4e67e1faf7019fe671448c3,False,
val_029,val,normal,0,F:\Work\VSCode\Projects\DATASET\dataset_defects\images\val_scratch\val_029.jpg,,388,404,220f172b230f8e21,e8286854e1cd89edd1473af895bd992a84bb26099e3041651f1998f7d2b841c9,False,
val_030,val,normal,0,F:\Work\VSCode\Projects\DATASET\dataset_defects\images\val_scratch\val_030.jpg,,432,410,31cc0f2b0f1f8e4d,db4ab156c7061d8b8aaef6311083bef9d6a68d4b17bf94784793d44e865edf52,False,
val_031,val,normal,0,F:\Work\VSCode\Projects\DATASET\dataset_defects\images\val_scratch\val_031.jpg,,472,459,33cc8f230f178e6c,9a30b1c52df594a70db65b607eeb9e96fb12f5376024cdea35bd688f88840014,False,
val_033,val,scratch,2,F:\Work\VSCode\Projects\DATASET\dataset_defects\images\val_scratch\val_033.jpg,F:\Work\VSCode\Projects\DATASET\dataset_defects\annotations\val_scratch\val_033.xml,277,283,240f1b0f0b070e21,72e471317865334ae3632fb0fdb39996d7c0df8665101379497386dc3cf1f09c,False,
val_034,val,scratch,3,F:\Work\VSCode\Projects\DATASET\dataset_defects\images\val_scratch\val_034.jpg,F:\Work\VSCode\Projects\DATASET\dataset_defects\annotations\val_scratch\val_034.xml,324,258,788e170b33178e69,b21c36d5eefef3f069f18469629d098a8882830d223a621f5bfd5b0c0f913def,False,
val_035,val,scratch,1,F:\Work\VSCode\Projects\DATASET\dataset_defects\images\val_scratch\val_035.jpg,F:\Work\VSCode\Projects\DATASET\dataset_defects\annotations\val_scratch\val_035.xml,334,270,688e070f33178e4d,3892c784563f54d76f89167f6023f58523ad7825afc14db5e8e5ff60d50d4f4a,False,
val_037,val,normal,0,F:\Work\VSCode\Projects\DATASET\dataset_defects\images\val_scratch\val_037.jpg,,311,331,200f1b0b2b278e00,4350ffd2cc4b96f36eb9339e83b159e90b698d89178b3b31783e5b99cff6f6b0,False,
val_038,val,normal,0,F:\Work\VSCode\Projects\DATASET\dataset_defects\images\val_scratch\val_038.jpg,,322,242,e98e1f2b33178fcd,bb62b43cc9f39b1ccd4c6e17867c70e1b50985744049c38f0391d4e593d83f9b,False,
val_039,val,normal,0,F:\Work\VSCode\Projects\DATASET\dataset_defects\images\val_scratch\val_039.jpg,,345,247,618e1f0b33178f4d,819ae03c8f4eaaa5799a5a2f3bbb819877d9e4aabde74fbfaf56beb77142d639,False,
val_041,val,normal,0,F:\Work\VSCode\Projects\DATASET\dataset_defects\images\val_scratch\val_041.jpg,,296,312,200f1f0b2b278e08,0f8d7572402e75af09704f4559ce5baef1648d9205e17ea204ca7253f88362e2,False,
val_042,val,normal,0,F:\Work\VSCode\Projects\DATASET\dataset_defects\images\val_scratch\val_042.jpg,,338,269,608e170b33178e69,164b413aa205300e23893eb1cbcf95aa553a7de52a6de66e2dfcb46d75f73f50,False,
val_043,val,normal,0,F:\Work\VSCode\Projects\DATASET\dataset_defects\images\val_scratch\val_043.jpg,,369,297,718e170f33178e6d,ec7d358653ed2e41622103affc9c83ca229f60139f183335af0abca6c04c7f18,False,
val_045,val,normal,0,F:\Work\VSCode\Projects\DATASET\dataset_defects\images\val_scratch\val_045.jpg,,462,472,220f172b23078e20,7c1c746915a6989a4c476c667ff10eef2d1f6f1345ebc60c8b267794ad24221a,False,
val_046,val,normal,0,F:\Work\VSCode\Projects\DATASET\dataset_defects\images\val_scratch\val_046.jpg,,507,478,73cc0f230f0f8e6d,5d72e7685dc715783b09f53050d0933d05d8db290e1829244e7d628e7c247d1d,False,
val_047,val,normal,0,F:\Work\VSCode\Projects\DATASET\dataset_defects\images\val_scratch\val_047.jpg,,510,486,b0cc0f3307178ee8,3d402281696426900a116e56d6431559f53ad06d273db0d43727796283495f95,False,
val_049,val,scratch,2,F:\Work\VSCode\Projects\DATASET\dataset_defects\images\val_scratch\val_049.jpg,F:\Work\VSCode\Projects\DATASET\dataset_defects\annotations\val_scratch\val_049.xml,319,324,200f0f0b0b030e09,e431097f87750c50d315ca77315d46ab6462ff88ec742426f64b0a9dce814fd0,False,
val_050,val,scratch,2,F:\Work\VSCode\Projects\DATASET\dataset_defects\images\val_scratch\val_050.jpg,F:\Work\VSCode\Projects\DATASET\dataset_defects\annotations\val_scratch\val_050.xml,341,243,6a8e172b33178f4d,1f5bdd61e1e4db815c8f897cbbfa0f3a1c2c36ea29e8518075009eb482f438a0,False,
val_051,val,normal,0,F:\Work\VSCode\Projects\DATASET\dataset_defects\images\val_scratch\val_051.jpg,,346,255,718e0f2b33170f4d,b429389dbb26548ba5d7d34a85f5cd4c7ccd701684972684e0c93bd266549b1b,False,
val_053,val,normal,0,F:\Work\VSCode\Projects\DATASET\dataset_defects\images\val_scratch\val_053.jpg,,303,306,200f0f0b2b270e08,75b2be93fed541a0b6045d9d975fc9a7565f7ce8c96bab81313cc3ea2c74e019,False,
val_054,val,normal,0,F:\Work\VSCode\Projects\DATASET\dataset_defects\images\val_scratch\val_054.jpg,,344,246,718e170b33178e4d,530057a49c18343587fe48091f3889511c06141e3b2f56bd9d47aa89312db1fc,False,
val_055,val,normal,0,F:\Work\VSCode\Projects\DATASET\dataset_defects\images\val_scratch\val_055.jpg,,356,252,618e170b371f8f4c,aaecbd47d1f8720f61afddfb1784a7f012deac926d2e5e8f3a55d3e4e74ffaa4,False,
val_057,val,scratch,2,F:\Work\VSCode\Projects\DATASET\dataset_defects\images\val_scratch\val_057.jpg,F:\Work\VSCode\Projects\DATASET\dataset_defects\annotations\val_scratch\val_057.xml,326,337,06071b1d23338e29,88e77d748a55f551828cd1608dd2477cc0ac7b26d15a7a2631c3dd7d4095bece,False,
val_058,val,scratch,2,F:\Work\VSCode\Projects\DATASET\dataset_defects\images\val_scratch\val_058.jpg,F:\Work\VSCode\Projects\DATASET\dataset_defects\annotations\val_scratch\val_058.xml,353,233,618e1f2333170f0e,f702be0b87b00541dc7acf7bb0b1d9deac93aee6973597756d5a28981ddb1cb6,False,
val_059,val,scratch,1,F:\Work\VSCode\Projects\DATASET\dataset_defects\images\val_scratch\val_059.jpg,F:\Work\VSCode\Projects\DATASET\dataset_defects\annotations\val_scratch\val_059.xml,367,141,ec0e373b0f13070f,c28a3181d3375f3a4e7076270cb5a6d262d8d3c8b7ee7387e52e588758aa016e,False,
val_060,val,scratch,3,F:\Work\VSCode\Projects\DATASET\dataset_defects\images\val_scratch\val_060.jpg,F:\Work\VSCode\Projects\DATASET\dataset_defects\annotations\val_scratch\val_060.xml,303,306,040f0f0f2f278649,ebbc83a777ae5ef602313962bdbb4e893a0f83feb3a601020a5d8bab435c44ed,False,
val_061,val,scratch,2,F:\Work\VSCode\Projects\DATASET\dataset_defects\images\val_scratch\val_061.jpg,F:\Work\VSCode\Projects\DATASET\dataset_defects\annotations\val_scratch\val_061.xml,364,260,a88e0f2b331f8f4c,3e201d2873164573d0c6bc2e53829057022f562b7386e655fbc3a58f831252f4,False,
val_063,val,scratch,2,F:\Work\VSCode\Projects\DATASET\dataset_defects\images\val_scratch\val_063.jpg,F:\Work\VSCode\Projects\DATASET\dataset_defects\annotations\val_scratch\val_063.xml,350,258,718e0f2b33178e4d,ee38b7a9d453298aaab6dc6b696f03cc55aea2a2e855be2e214d80fe60286de1,False,
val_064,val,scratch,1,F:\Work\VSCode\Projects\DATASET\dataset_defects\images\val_scratch\val_064.jpg,F:\Work\VSCode\Projects\DATASET\dataset_defects\annotations\val_scratch\val_064.xml,271,274,1807070b2b230e01,bf4c88b8609b0d4a5743cc7658e79d5b257f06d1dce024693fe27c94bb01aee7,False,
val_065,val,scratch,1,F:\Work\VSCode\Projects\DATASET\dataset_defects\images\val_scratch\val_065.jpg,F:\Work\VSCode\Projects\DATASET\dataset_defects\annotations\val_scratch\val_065.xml,318,225,718e172b33178e0d,fe09c174bd38efeb068da01ee7b4c5e0a968d245a30748ea984ce5374d223449,False,
val_066,val,scratch,2,F:\Work\VSCode\Projects\DATASET\dataset_defects\images\val_scratch\val_066.jpg,F:\Work\VSCode\Projects\DATASET\dataset_defects\annotations\val_scratch\val_066.xml,331,246,688e1f0b23078ecd,92fb0777c8ef19056e32f5411ce0b6f99e400afd23bbccd8fed7855521a2e602,False,
val_068,val,scratch,2,F:\Work\VSCode\Projects\DATASET\dataset_defects\images\val_scratch\val_068.jpg,F:\Work\VSCode\Projects\DATASET\dataset_defects\annotations\val_scratch\val_068.xml,300,312,200f0b0b2b270e45,e97b8ec5eaf1e6d72aba58e0fb7f5872a024909a525c8a209f0307137d22bc70,False,
val_069,val,scratch,1,F:\Work\VSCode\Projects\DATASET\dataset_defects\images\val_scratch\val_069.jpg,F:\Work\VSCode\Projects\DATASET\dataset_defects\annotations\val_scratch\val_069.xml,384,285,798e0f0b33178f69,7837c2fb64886198770aefceb1b0ce0b4fd1e4048bd201c008a7ce09ff06dd5f,False,
val_070,val,normal,0,F:\Work\VSCode\Projects\DATASET\dataset_defects\images\val_scratch\val_070.jpg,,413,313,e18e0f2f3b1f8f6d,6cd55611e21119d380c4831d9373dbd358ba3fa55c5d7ae8c8942f28db523255,False,
val_072,val,scratch,1,F:\Work\VSCode\Projects\DATASET\dataset_defects\images\val_scratch\val_072.jpg,F:\Work\VSCode\Projects\DATASET\dataset_defects\annotations\val_scratch\val_072.xml,320,317,040f1b0b2b238e01,4e867bc49038aafb875a14e514fb6d77bcd1b997a0ce9d7ea120f88dadbab119,False,
val_073,val,normal,0,F:\Work\VSCode\Projects\DATASET\dataset_defects\images\val_scratch\val_073.jpg,,317,211,698e172b33170e0f,b03f2602b570b7598cb9b88f913896373e739cc6db48c146f6fb9ddce8902160,False,
val_074,val,normal,0,F:\Work\VSCode\Projects\DATASET\dataset_defects\images\val_scratch\val_074.jpg,,358,238,a98e172b371f0f8e,696715b5cb537058fe7a261e0164d0a5a868dfa644b45fb7658321231129d006,False,
val_076,val,normal,0,F:\Work\VSCode\Projects\DATASET\dataset_defects\images\val_scratch\val_076.jpg,,425,437,230f172b23078e20,4e193b9ba29403effc9a55fa6e31bfa24838481325ad5292f39cd0e54d7316a4,False,
val_077,val,normal,0,F:\Work\VSCode\Projects\DATASET\dataset_defects\images\val_scratch\val_077.jpg,,476,450,20cc0f330f078e68,b0e370304b95a96b6ab7b804ead8ed5e222b3fc1611342a42147de0af88ef581,False,
val_078,val,normal,0,F:\Work\VSCode\Projects\DATASET\dataset_defects\images\val_scratch\val_078.jpg,,496,471,20cc0f330f1f8e49,2a81100a10ebb5a62e74a8a6717b780f1a2d8e10b798b4d879e0ed9c65e2b744,False,
val_080,val,normal,0,F:\Work\VSCode\Projects\DATASET\dataset_defects\images\val_scratch\val_080.jpg,,472,485,330f1b2b2b270e01,161687035cfb1a503de5b8e9a9a72b0e2e3ef1123742489a593645c5bda9868c,False,
val_081,val,normal,0,F:\Work\VSCode\Projects\DATASET\dataset_defects\images\val_scratch\val_081.jpg,,463,413,698e0f2b33070f0f,20fdac418d18bd7358a929c7e660ec6402aba7f23164217e16a0b8f6affd908e,False,
val_082,val,normal,0,F:\Work\VSCode\Projects\DATASET\dataset_defects\images\val_scratch\val_082.jpg,,482,422,688e0f2b33070f0e,ada415e84acd5752890dc08afda69d2b1ac62964b8174b1443b2e0c1d411613a,False,
val_084,val,normal,0,F:\Work\VSCode\Projects\DATASET\dataset_defects\images\val_scratch\val_084.jpg,,337,348,200f1b0f2f230e09,47af78106c63c21ebb06973753e9718136d01acb647c603ddde81f0fa9587b01,False,
val_085,val,normal,0,F:\Work\VSCode\Projects\DATASET\dataset_defects\images\val_scratch\val_085.jpg,,325,230,698e1f0b33170f0d,1abaabce019c48e72a9ea4817bfb780ba93e813cff614d2e4374ae1896d02589,False,
val_086,val,normal,0,F:\Work\VSCode\Projects\DATASET\dataset_defects\images\val_scratch\val_086.jpg,,331,250,608e1f2b33178e29,345325b4d79a54275e0f329a7ed6303b7297e6b8d3cdaa1d9334b7ab2812b034,False,
val_088,val,normal,0,F:\Work\VSCode\Projects\DATASET\dataset_defects\images\val_scratch\val_088.jpg,,298,301,260f130b0b238e01,2fce5cf46b8bcbc756d3bbe4174772b43c89f5facfcde6ef222186fc949af82f,False,
val_089,val,normal,0,F:\Work\VSCode\Projects\DATASET\dataset_defects\images\val_scratch\val_089.jpg,,312,222,688e170b33178f4c,d5658d9a523668ab7dda094461d09369b9f71af2757735474ac7c11b02b1be74,False,
val_090,val,normal,0,F:\Work\VSCode\Projects\DATASET\dataset_defects\images\val_scratch\val_090.jpg,,319,230,6986070f37170f4d,79fbce691db1dad2069f6d964e15545d9f900825890ae956fa25f988b5c933f1,False,
val_092,val,normal,0,F:\Work\VSCode\Projects\DATASET\dataset_defects\images\val_scratch\val_092.jpg,,330,348,000f0f0b2b270e01,5a9ee0e5d24a7e32c44cd2230079134c4b8a5d422db7c36c895b34b0afe96ecd,False,
val_093,val,normal,0,F:\Work\VSCode\Projects\DATASET\dataset_defects\images\val_scratch\val_093.jpg,,347,249,718e070f33178e4d,fe73e6ae8bd76729fb34987ade296f093cb9abb6abd1e5c0693a791e86e96956,False,
val_094,val,normal,0,F:\Work\VSCode\Projects\DATASET\dataset_defects\images\val_scratch\val_094.jpg,,355,261,698e170f33178e49,ac7e21ce5212855e0f8d4af7c5338a4edc7f69c3143e60bfd1d5b8a2dab935e2,False,
val_096,val,normal,0,F:\Work\VSCode\Projects\DATASET\dataset_defects\images\val_scratch\val_096.jpg,,510,514,230f172b23070e00,c8fb67a0559828318627100ffd20a4299158417f96ba91015e800123213d019a,False,
val_097,val,normal,0,F:\Work\VSCode\Projects\DATASET\dataset_defects\images\val_scratch\val_097.jpg,,508,486,304c8e230f078e48,fb3583b7d32b4460a26a07f0046d0731e941a7c7f8b702f9d08823319fd074c8,False,
val_098,val,normal,0,F:\Work\VSCode\Projects\DATASET\dataset_defects\images\val_scratch\val_098.jpg,,537,499,224c8f030f170e48,2d2520eb9187ff860dbb5ee6136da31346be7555f77312b370dc69ac643c90ed,False,
val_100,val,normal,0,F:\Work\VSCode\Projects\DATASET\dataset_defects\images\val_scratch\val_100.jpg,,326,333,208f0f0f2b070e01,3dbc5b1f5a5151dda876a6eab7510b7c7bbc8fd373e83fe090c068ebc02781b8,False,
val_101,val,normal,0,F:\Work\VSCode\Projects\DATASET\dataset_defects\images\val_scratch\val_101.jpg,,363,270,618e170f33178e68,67a1d48ba4f6ebf54ee0c8dc8d61e3a2f84dc15f730403eb92a51d91988bce45,False,
val_102,val,normal,0,F:\Work\VSCode\Projects\DATASET\dataset_defects\images\val_scratch\val_102.jpg,,376,268,698e170f33178f4d,ecf0fdbe11b9cede0ea1baa8345b2a360df6a247b1501de4e3f6b84ee7f5000b,False,
val_104,val,scratch,3,F:\Work\VSCode\Projects\DATASET\dataset_defects\images\val_scratch\val_104.jpg,F:\Work\VSCode\Projects\DATASET\dataset_defects\annotations\val_scratch\val_104.xml,273,286,240f1b0f2b270e10,ed0166d4468c9d6846f3b3a28b2edd456392413ce0798aad5efe2eb57bd198a5,False,
val_105,val,scratch,1,F:\Work\VSCode\Projects\DATASET\dataset_defects\images\val_scratch\val_105.jpg,F:\Work\VSCode\Projects\DATASET\dataset_defects\annotations\val_scratch\val_105.xml,319,259,698e172f3b1b8e69,f40e2319d37df56a876c6770fb546805ffe65395d5c2a9b689f50c988ec5476d,False,
val_106,val,scratch,3,F:\Work\VSCode\Projects\DATASET\dataset_defects\images\val_scratch\val_106.jpg,F:\Work\VSCode\Projects\DATASET\dataset_defects\annotations\val_scratch\val_106.xml,312,225,698e170f33370ecd,4d43f6f2db6217cfac42a84a4616315bbef406315c4e0c4c8d927fc4cd497205,False,
val_108,val,normal,0,F:\Work\VSCode\Projects\DATASET\dataset_defects\images\val_scratch\val_108.jpg,,295,299,200f0f0f2b0b0e01,bf55989fbf09acc9410d859211d9a09a119a49c561321a7c9f82fc7a87e14870,False,
val_109,val,normal,0,F:\Work\VSCode\Projects\DATASET\dataset_defects\images\val_scratch\val_109.jpg,,313,218,e18e172b33070f0d,d6c84a02a6c4f5897006e470851f46b5370b43e735bf2efbc8be7c59b52c9679,False,
val_110,val,normal,0,F:\Work\VSCode\Projects\DATASET\dataset_defects\images\val_scratch\val_110.jpg,,318,224,698e172b33170ead,4842d8f368d63dfd2337794bf7f5a9b7ad403593d71ddb3ed01e95ee5ba231a9,False,
val_112,val,normal,0,F:\Work\VSCode\Projects\DATASET\dataset_defects\images\val_scratch\val_112.jpg,,290,300,0c0f0b0f2b070e01,94143b7c741351470c37ca01d148748ce901c14c84faa1bfb58bd8869d717f36,False,
val_113,val,normal,0,F:\Work\VSCode\Projects\DATASET\dataset_defects\images\val_scratch\val_113.jpg,,310,227,788e170b33178e4c,0a69f1df84babcec34424c73a04bc85c126c6492c38168342decf0c8b40d75f0,False,
val_114,val,normal,0,F:\Work\VSCode\Projects\DATASET\dataset_defects\images\val_scratch\val_114.jpg,,320,244,698e1f0f33178e49,4c98e38d7ad8b2b88352fef63ac2bf945d45b403daa4c7cb86775c44c9ea80d1,False,
val_116,val,normal,0,F:\Work\VSCode\Projects\DATASET\dataset_defects\images\val_scratch\val_116.jpg,,294,305,200f1b0b2b278e09,546496d588116953770af87dcd7aff3f00d169f9f165e857777537562dd7397b,False,
val_117,val,normal,0,F:\Work\VSCode\Projects\DATASET\dataset_defects\images\val_scratch\val_117.jpg,,340,238,698e0f0f33178e4c,b68a2ac3df3bce7c48a9eb6742da0d73ab8979c22a0141889ba06a338a9e7523,False,
val_118,val,normal,0,F:\Work\VSCode\Projects\DATASET\dataset_defects\images\val_scratch\val_118.jpg,,346,249,698e0f0f330f8e4d,8cd20244239ad687a97486231c997fcae15bad3e0c092b65956e8bdcdafd264f,False,
val_120,val,normal,0,F:\Work\VSCode\Projects\DATASET\dataset_defects\images\val_scratch\val_120.jpg,,288,301,868f130b23270601,58f36eaeee381e62d249815591c8508919bd702c82abff21a37c32bea63a4797,False,
val_121,val,normal,0,F:\Work\VSCode\Projects\DATASET\dataset_defects\images\val_scratch\val_121.jpg,,326,246,698e172b33178fcc,e0c3d5329d556aebab31b4937a73eea5f580f8a2aea889b12ef4e5d506930402,False,
val_122,val,normal,0,F:\Work\VSCode\Projects\DATASET\dataset_defects\images\val_scratch\val_122.jpg,,299,204,618e172b33170f8d,589f052ecd5366f07bdc2b38b9d1c29262a17aaf9b74a9fc6455bf117572bef7,False,
val_124,val,scratch,3,F:\Work\VSCode\Projects\DATASET\dataset_defects\images\val_scratch\val_124.jpg,F:\Work\VSCode\Projects\DATASET\dataset_defects\annotations\val_scratch\val_124.xml,310,321,220f07332b270618,8de8f40a0e34efbb5d8cfc923f4c2b833b5af2fd822e4565df1cf6d1d02c9221,False,
val_125,val,scratch,2,F:\Work\VSCode\Projects\DATASET\dataset_defects\images\val_scratch\val_125.jpg,F:\Work\VSCode\Projects\DATASET\dataset_defects\annotations\val_scratch\val_125.xml,346,265,688e172f33178e4c,0bfcb69c06629e51db12784092581bb7462515d393fc0f5a87df84b935b03873,False,
val_126,val,scratch,4,F:\Work\VSCode\Projects\DATASET\dataset_defects\images\val_scratch\val_126.jpg,F:\Work\VSCode\Projects\DATASET\dataset_defects\annotations\val_scratch\val_126.xml,368,282,718e072b33178e69,c29bbe45ac947f4e872ddc2e329d062d33eefd90b5ad033861ea15a4a818eb0c,False,
val_128,val,scratch,2,F:\Work\VSCode\Projects\DATASET\dataset_defects\images\val_scratch\val_128.jpg,F:\Work\VSCode\Projects\DATASET\dataset_defects\annotations\val_scratch\val_128.xml,284,286,240f170b2b270e61,0531654add6a0d63ee1f764a343351e0ac8eab2e3a1ec727ba5f05ae48fcb44f,False,
val_129,val,scratch,2,F:\Work\VSCode\Projects\DATASET\dataset_defects\images\val_scratch\val_129.jpg,F:\Work\VSCode\Projects\DATASET\dataset_defects\annotations\val_scratch\val_129.xml,329,262,688e170b33178e69,9fce5121cb413083d84f790801129d057e3b8a56e4c61385ddf9b10802f36ccb,False,
val_130,val,normal,0,F:\Work\VSCode\Projects\DATASET\dataset_defects\images\val_scratch\val_130.jpg,,358,281,718e170b13178e4d,43eeb80d41682309f093df7b78cef78b778b273c4957650738eb0878a8a37327,False,
val_132,val,scratch,1,F:\Work\VSCode\Projects\DATASET\dataset_defects\images\val_scratch\val_132.jpg,F:\Work\VSCode\Projects\DATASET\dataset_defects\annotations\val_scratch\val_132.xml,292,296,200f0b0f23238e09,d598fce7d4f11dc376c399f1f9d8b6639ef90934046713d377d974585e740e9d,False,
val_133,val,normal,0,F:\Work\VSCode\Projects\DATASET\dataset_defects\images\val_scratch\val_133.jpg,,349,272,618e170b371f8e6d,2b4a147569b6c17bef99df8fa96b5302280de9b1ff14155d37dbf13ec9116618,False,
val_134,val,scratch,2,F:\Work\VSCode\Projects\DATASET\dataset_defects\images\val_scratch\val_134.jpg,F:\Work\VSCode\Projects\DATASET\dataset_defects\annotations\val_scratch\val_134.xml,368,302,688e170f371f8e6d,0e43fd917e4738fd672e6f9c1fcf6e43ab376f523f06b887a5089f56d7eba9ab,False,
val_136,val,normal,0,F:\Work\VSCode\Projects\DATASET\dataset_defects\images\val_scratch\val_136.jpg,,316,328,000f172b2b238609,2c3f2ddf465081c5b95c94d03dfb7c455ab11e1b995f09738b31e0e485c3449f,False,
val_137,val,normal,0,F:\Work\VSCode\Projects\DATASET\dataset_defects\images\val_scratch\val_137.jpg,,353,256,688e172b33070e0c,ae73b1f3d2a42168a8f94c43e6968a58c6ce3409069bb570cea6721736dc7e17,False,
val_138,val,normal,0,F:\Work\VSCode\Projects\DATASET\dataset_defects\images\val_scratch\val_138.jpg,,377,276,708e032b33178f4d,7d53991bdcdcbab7f8f1c78574868b918a8b89dbbc9e171671d09c1a7f965723,False,
val_140,val,normal,0,F:\Work\VSCode\Projects\DATASET\dataset_defects\images\val_scratch\val_140.jpg,,300,306,200f1b0f2b038e00,905fa8ff7ba255dc006d4b6f3f4ba1ed5d51d7ee15bcb4e3934a31b9da94096c,False,
val_141,val,normal,0,F:\Work\VSCode\Projects\DATASET\dataset_defects\images\val_scratch\val_141.jpg,,331,265,618e1f0b33078e69,e1c0674d4b38a6ee2801ecaa8e73d847887643f8b9bdc7be77d4644fbc9b993a,False,
val_142,val,normal,0,F:\Work\VSCode\Projects\DATASET\dataset_defects\images\val_scratch\val_142.jpg,,354,275,698e170b33178eec,5ccbd5584f95cd17821906f2abc103c3fd9b1226c35b09884fb7b7e71c318183,False,
val_144,val,normal,0,F:\Work\VSCode\Projects\DATASET\dataset_defects\images\val_scratch\val_144.jpg,,302,310,260f1b0b2b278e01,1e0c13970262571060af97eed6e1e5f987db93f1acb2da7052326e97c84e14c1,False,
val_145,val,normal,0,F:\Work\VSCode\Projects\DATASET\dataset_defects\images\val_scratch\val_145.jpg,,330,253,698e170b33178e4c,6614c5197d62583f2056858207fe4ada33596c95c1977b6330110c517e21f6ff,False,
val_146,val,normal,0,F:\Work\VSCode\Projects\DATASET\dataset_defects\images\val_scratch\val_146.jpg,,345,271,698e170b33178e69,fb94a94afa84411f38249181011a3c3ccb94c1d85d194b342787fb4940cc983f,False,
val_148,val,scratch,2,F:\Work\VSCode\Projects\DATASET\dataset_defects\images\val_scratch\val_148.jpg,F:\Work\VSCode\Projects\DATASET\dataset_defects\annotations\val_scratch\val_148.xml,316,329,088f0b0b2b070e61,0cc550d2443f1b2e341ee6302b2df5ac00f3c1c5b770ba4fe885d0de30f10d8c,False,
val_149,val,normal,0,F:\Work\VSCode\Projects\DATASET\dataset_defects\images\val_scratch\val_149.jpg,,320,236,708e172b33178f4d,93b05ffbf80ba10f8debbf74c8a1176c1c3cca1c50037545925e287d5d5fdb3b,False,
val_150,val,normal,0,F:\Work\VSCode\Projects\DATASET\dataset_defects\images\val_scratch\val_150.jpg,,307,216,708e172b33170f4c,0550e4dd0edc975d0302b453401da000cb02d83a6d346ab615571e431e732cee,False,
val_152,val,normal,0,F:\Work\VSCode\Projects\DATASET\dataset_defects\images\val_scratch\val_152.jpg,,301,305,260f1b0b2b270609,a0d094e1e362fbdf38fb26bf8a01bd89903a19021c5f8f2d928a9f2c76108d65,False,
val_153,val,normal,0,F:\Work\VSCode\Projects\DATASET\dataset_defects\images\val_scratch\val_153.jpg,,328,239,6986170b33178e8a,6df96c98a1404f6c42bebbd1636b6b8a7272584a4eb6b15647835092e7b87d2e,False,
val_154,val,normal,0,F:\Work\VSCode\Projects\DATASET\dataset_defects\images\val_scratch\val_154.jpg,,343,239,698e170b33178ecd,33c45176845e903c9c04dc926a405226af09efbd91ffeb7a14794f744c2da61e,False,
val_156,val,normal,0,F:\Work\VSCode\Projects\DATASET\dataset_defects\images\val_scratch\val_156.jpg,,572,556,230f172b23078e20,63a4817abef3f9879265fa395b6910bd38480be52e1f714c440368b8298fa513,False,
val_157,val,normal,0,F:\Work\VSCode\Projects\DATASET\dataset_defects\images\val_scratch\val_157.jpg,,597,561,304c8e330f178f4c,0f2d59e33e366ee72d57ae939daf9354797344dfefcda0a0166b5ef58ddfe4ee,False,
val_158,val,normal,0,F:\Work\VSCode\Projects\DATASET\dataset_defects\images\val_scratch\val_158.jpg,,601,558,608c8e230f070e68,37849415b6b260614c0277eef0a03176082ce2bf7d005014ad284b4c6412e1b3,False,
val_160,val,normal,0,F:\Work\VSCode\Projects\DATASET\dataset_defects\images\val_scratch\val_160.jpg,,470,486,330f1b0b2b270e04,db41b6518fda8dd113970a1e4ec01b5eb96555b7ec94eeaa8a1cbc8f945ce642,False,
val_161,val,normal,0,F:\Work\VSCode\Projects\DATASET\dataset_defects\images\val_scratch\val_161.jpg,,510,425,68860b2333070f0f,caf751dddc8b2d1c3282fed2920db1a9ef99a9e240cfa3b45127647d9656c365,False,
val_162,val,normal,0,F:\Work\VSCode\Projects\DATASET\dataset_defects\images\val_scratch\val_162.jpg,,534,442,68860b3337070f0f,c529a5aab4412a0c435ffbaf7ede05741e75bd140070401350cbeb1caecb6b4a,False,
val_164,val,scratch,3,F:\Work\VSCode\Projects\DATASET\dataset_defects\images\val_scratch\val_164.jpg,F:\Work\VSCode\Projects\DATASET\dataset_defects\annotations\val_scratch\val_164.xml,302,308,0c07130b2333164d,58ed26c6826b6a1eebd7a6fa8f6f71d23c68c62adfdd3e2a754c50c17beac095,False,
val_165,val,scratch,1,F:\Work\VSCode\Projects\DATASET\dataset_defects\images\val_scratch\val_165.jpg,F:\Work\VSCode\Projects\DATASET\dataset_defects\annotations\val_scratch\val_165.xml,307,228,61861b0b33078f4d,74929a85e65b8ea94cd59a174b792640f99c65de673434ab27e14477c8cb784e,False,
val_166,val,scratch,4,F:\Work\VSCode\Projects\DATASET\dataset_defects\images\val_scratch\val_166.jpg,F:\Work\VSCode\Projects\DATASET\dataset_defects\annotations\val_scratch\val_166.xml,342,253,618e172f37178fcd,1c9866ea49f0ed63b9812516ab4993edbbafc6335eb0d93443124aac9faf05d9,False,
val_168,val,normal,0,F:\Work\VSCode\Projects\DATASET\dataset_defects\images\val_scratch\val_168.jpg,,295,311,200f1b0f2b270e09,237b4826a02cc4ac58a8ad7b94dcbd210530ab6c6111d1230fdb0076f05b8cfc,False,
val_169,val,normal,0,F:\Work\VSCode\Projects\DATASET\dataset_defects\images\val_scratch\val_169.jpg,,347,244,688e170b33170ecc,f1b83f35dd86ce568cc03af917756dd6a76e5c1818863c164d3fbe4360adc9b1,False,
val_170,val,normal,0,F:\Work\VSCode\Projects\DATASET\dataset_defects\images\val_scratch\val_170.jpg,,363,267,798e170b33178e69,38583bec9c4f2f524e124b3cb76cf5ed580fc0976ea602be852af806f0bdc7cd,False,
val_172,val,scratch,7,F:\Work\VSCode\Projects\DATASET\dataset_defects\images\val_scratch\val_172.jpg,F:\Work\VSCode\Projects\DATASET\dataset_defects\annotations\val_scratch\val_172.xml,305,317,20071b0925230e08,50c133966541fb2da2ea018bcec6e76b132ae297b1d3fddf0e12934d8bd4c569,False,
val_173,val,scratch,4,F:\Work\VSCode\Projects\DATASET\dataset_defects\images\val_scratch\val_173.jpg,F:\Work\VSCode\Projects\DATASET\dataset_defects\annotations\val_scratch\val_173.xml,334,271,688e1f0f33178e69,cb10b17a99fc8434cd10877a9eb0b5a28ac876721932d2db090dbd089ba1b394,False,
val_174,val,scratch,3,F:\Work\VSCode\Projects\DATASET\dataset_defects\images\val_scratch\val_174.jpg,F:\Work\VSCode\Projects\DATASET\dataset_defects\annotations\val_scratch\val_174.xml,367,293,718e170f33178e6d,ef8646f3debf702640661df6c1c3de039a7f61bb08007134fe36d3817ec48421,False,
val_176,val,normal,0,F:\Work\VSCode\Projects\DATASET\dataset_defects\images\val_scratch\val_176.jpg,,305,316,26071b0b2b030e01,f1c3a1f19205be7d31022b67b384178743eb2e19a4ad8ab6123d079fe4764c0f,False,
val_177,val,normal,0,F:\Work\VSCode\Projects\DATASET\dataset_defects\images\val_scratch\val_177.jpg,,310,219,a5860b2b33070f0d,73736c50e9e6bc5c93bfed527a2b6ab27123bbde132a5bfebc86ac963990885d,False,
val_178,val,normal,0,F:\Work\VSCode\Projects\DATASET\dataset_defects\images\val_scratch\val_178.jpg,,338,232,798e172b33170e4d,35c2ed66b1bae4688b8dd4b59cb33d7d063d78a2594c1132d682f85b3623090b,False,
val_180,val,normal,0,F:\Work\VSCode\Projects\DATASET\dataset_defects\images\val_scratch\val_180.jpg,,265,270,200f9b1b2b278609,5c81ddb64e10b1dcd208f757fde6b01d448051a60ca184bbfbebec469cf2b5e5,False,
val_181,val,normal,0,F:\Work\VSCode\Projects\DATASET\dataset_defects\images\val_scratch\val_181.jpg,,311,241,688e170f33178e6d,d4e4d65076f8ec3e8472db0168e72189557e519e76ef4c2a2d1f24f51aefba89,False,
val_183,val,normal,0,F:\Work\VSCode\Projects\DATASET\dataset_defects\images\val_scratch\val_183.jpg,,323,250,688e170f33178e48,192ba6e00e9b2a704b0e5a35127e37ed4969d98d789d47f739eb1a52dc8153f5,False,
val_184,val,normal,0,F:\Work\VSCode\Projects\DATASET\dataset_defects\images\val_scratch\val_184.jpg,,303,306,270f0f0f2b070e01,134aea551833aa24f6beda5bfdfd101d9c61f6256b4b2f28f1e6731dfef8000b,False,
val_185,val,normal,0,F:\Work\VSCode\Projects\DATASET\dataset_defects\images\val_scratch\val_185.jpg,,336,240,698e172b33170f0d,f41e977107c091d8d89bd756089dd594a66346ae6fd154bdcc2fd5dfeea724b1,False,
val_186,val,normal,0,F:\Work\VSCode\Projects\DATASET\dataset_defects\images\val_scratch\val_186.jpg,,340,250,688e1f0b33178e4c,33a88f9fa12f2593592b7bfbb8cb717ce18d6b5c04072c7c82c6296008c267fa,False,
val_188,val,normal,0,F:\Work\VSCode\Projects\DATASET\dataset_defects\images\val_scratch\val_188.jpg,,302,309,040e1b0b23270e09,4e3bb1832b426592a981ecfb11473912b0f1b75da96f41206b60a4060779997d,False,
val_189,val,normal,0,F:\Work\VSCode\Projects\DATASET\dataset_defects\images\val_scratch\val_189.jpg,,347,266,a88e0f0f33178e68,941cdbe804822dc9ce2d33d05ac99d36d81bbd2b564c24c6c57e45d82b9ac250,False,
val_190,val,normal,0,F:\Work\VSCode\Projects\DATASET\dataset_defects\images\val_scratch\val_190.jpg,,344,255,e98e0f0b33138e4c,c8dd7cfb1dbcb790e4642743492fdacc45348ffc260f45f5d7603e926705db5a,False,
val_192,val,scratch,1,F:\Work\VSCode\Projects\DATASET\dataset_defects\images\val_scratch\val_192.jpg,F:\Work\VSCode\Projects\DATASET\dataset_defects\annotations\val_scratch\val_192.xml,270,279,200f0b0f2b339609,c807494813dc36f6a63f92ee089110a96f06c22becd0071025879181e56a711d,False,
val_193,val,scratch,1,F:\Work\VSCode\Projects\DATASET\dataset_defects\images\val_scratch\val_193.jpg,F:\Work\VSCode\Projects\DATASET\dataset_defects\annotations\val_scratch\val_193.xml,302,207,698e0f2b331f0f0d,7c541be19eb26efe50bb53474fad2cd6ecb6fde3638badb9c92253ddcd7c893b,False,
val_194,val,scratch,1,F:\Work\VSCode\Projects\DATASET\dataset_defects\images\val_scratch\val_194.jpg,F:\Work\VSCode\Projects\DATASET\dataset_defects\annotations\val_scratch\val_194.xml,330,233,618e0f2b331f8e0d,8965b7d6bd502db5407c0be114740eff353d89b2de03c2a9d884e715873bf8e0,False,
val_196,val,normal,0,F:\Work\VSCode\Projects\DATASET\dataset_defects\images\val_scratch\val_196.jpg,,299,315,060f0f0b2b070e01,d4cb17b2a3c0faa7cfcf62289c3aa1c340176aad7a80590a6c9e57f54415994e,False,
val_197,val,normal,0,F:\Work\VSCode\Projects\DATASET\dataset_defects\images\val_scratch\val_197.jpg,,357,272,718e170b33178e48,ad20a7185c5d9f3e7a03c985cbb2090e423f8671c9fe2d60ec0f7d2ed9b628f0,False,
val_198,val,normal,0,F:\Work\VSCode\Projects\DATASET\dataset_defects\images\val_scratch\val_198.jpg,,370,285,e88e170b33178e4d,bc035ec1b1778120a7d3636b4f59b5c41f35d7ade5a012a73a9e46b88622701e,False,
